22:49:53.744 -> BEGIN,46175,8
22:49:53.744 -> 3,0.53577,-0.02722,0.90063,56.03027,-24.53613,-52.00195
22:49:53.791 -> 20,0.66016,-0.10339,0.99500,37.17041,-9.33838,-54.13818
22:49:53.791 -> 37,0.69751,-0.13281,1.00195,27.34375,10.00977,-54.62646
22:49:53.837 -> 54,0.71191,-0.08350,0.99231,22.70508,28.80859,-50.96436
22:49:53.837 -> 71,0.72681,-0.03528,1.04736,22.09473,36.31592,-47.60742
22:49:53.837 -> 88,0.73328,-0.04285,1.08301,3.78418,40.03906,-42.35840
22:49:53.884 -> 105,0.72522,-0.09180,1.00085,-14.22119,48.76709,-35.94971
22:49:53.884 -> 122,0.70007,-0.12427,0.89331,-24.59717,58.71582,-34.54590
22:49:53.884 -> 139,0.66882,-0.14063,0.81934,-31.79932,65.97900,-34.48486
22:49:53.930 -> 156,0.62500,-0.09827,0.73254,-34.05762,67.07764,-28.19824
22:49:53.930 -> 173,0.61938,-0.10645,0.67615,-29.60205,60.18066,-21.36230
22:49:53.930 -> 190,0.55273,-0.18347,0.58936,-24.84131,54.19922,-20.87402
22:49:53.976 -> 207,0.55896,-0.17322,0.54163,-29.05273,50.29297,-23.01025
22:49:53.976 -> 224,0.56506,-0.19922,0.43323,-20.69092,49.80469,-25.93994
22:49:54.022 -> 241,0.59741,-0.22656,0.37500,2.38037,53.64990,-33.44727
22:49:54.022 -> 258,0.68726,-0.15039,0.48889,18.73779,47.85156,-32.65381
22:49:54.022 -> 275,0.79797,-0.06335,0.58228,18.49365,30.09033,-14.52637
22:49:54.068 -> 292,0.79810,-0.02454,0.60291,6.04248,7.93457,4.39453
22:49:54.068 -> 309,0.77893,-0.06653,0.57153,-5.37109,-1.52588,14.52637
22:49:54.068 -> 326,0.80737,-0.07886,0.55505,-13.12256,1.58691,10.55908
22:49:54.115 -> 343,0.84229,-0.11353,0.57056,-15.25879,12.51221,2.13623
22:49:54.115 -> 360,0.94958,-0.14380,0.56555,-14.89258,19.65332,-2.13623
22:49:54.162 -> 377,1.03540,-0.13281,0.57300,-13.06152,33.50830,-12.20703
22:49:54.162 -> 394,1.13977,-0.12695,0.63660,-17.02881,42.48047,-18.06641
22:49:54.162 -> 411,1.21985,-0.22644,0.66797,-21.85059,46.81396,-18.18848
22:49:54.208 -> 428,1.30933,-0.31677,0.64014,-20.26367,52.36816,-15.13672
22:49:54.208 -> 445,1.39807,-0.37122,0.64294,-20.50781,62.62207,-7.44629
22:49:54.208 -> 462,1.43103,-0.47925,0.62866,-14.40430,71.28906,0.97656
22:49:54.254 -> 479,1.41638,-0.57178,0.62427,-7.14111,78.73535,10.92529
22:49:54.254 -> 496,1.37500,-0.61584,0.60376,-4.21143,84.10645,20.75195
22:49:54.254 -> 513,1.30334,-0.65259,0.54492,-1.83105,86.85303,25.63477
22:49:54.301 -> 530,1.21008,-0.72241,0.44202,4.21143,92.59033,22.21680
22:49:54.301 -> 547,1.15100,-0.74707,0.35962,11.47461,102.11182,14.58740
22:49:54.347 -> 564,1.08423,-0.74890,0.31750,19.83643,107.72705,14.70947
22:49:54.347 -> 581,0.96484,-0.75403,0.23376,24.23096,107.05566,17.76123
22:49:54.347 -> 598,0.85132,-0.73328,0.15210,32.40967,103.33252,21.78955
22:49:54.394 -> 615,0.78503,-0.67798,0.12720,44.06738,95.33691,33.08105
22:49:54.394 -> 632,0.71240,-0.69165,0.10474,49.19434,87.28027,43.21289
22:49:54.394 -> 649,0.62976,-0.66895,0.07166,51.63574,81.97021,47.54639
22:49:54.440 -> 666,0.51953,-0.62048,0.05432,54.56543,77.75879,52.42920
22:49:54.440 -> 683,0.41443,-0.56348,-0.01636,60.42480,74.40186,57.49512
22:49:54.440 -> 700,0.29626,-0.52295,-0.06897,70.98389,70.00732,58.53271
22:49:54.487 -> 717,0.19043,-0.44629,-0.07947,75.25635,60.36377,60.91309
22:49:54.487 -> 734,0.13440,-0.41431,-0.10010,73.48633,47.18018,62.19482
22:49:54.535 -> 751,0.04590,-0.33252,-0.12231,73.36426,40.28320,61.52344
22:49:54.535 -> 768,-0.01257,-0.24658,-0.17700,81.78711,29.41895,59.08203
22:49:54.535 -> 785,-0.03894,-0.14514,-0.12378,84.83887,17.33398,57.12891
22:49:54.581 -> 802,-0.07275,-0.03308,-0.11023,81.60400,2.19727,62.37793
22:49:54.581 -> 819,-0.10498,0.03357,-0.12769,81.11572,-12.14600,65.00244
22:49:54.581 -> 836,-0.11853,0.10486,-0.15320,83.98438,-23.68164,60.18066
22:49:54.628 -> 853,-0.08618,0.15771,-0.12170,93.81104,-33.93555,48.58398
22:49:54.628 -> 870,-0.01660,0.20557,-0.02820,97.41211,-41.01563,37.71973
22:49:54.628 -> 887,0.05896,0.25671,0.02405,95.27588,-47.72949,29.78516
22:49:54.675 -> 904,0.09839,0.32019,0.07825,96.49658,-58.10547,21.85059
22:49:54.675 -> 921,0.18091,0.28857,0.12256,98.44971,-66.52832,9.21631
22:49:54.720 -> 938,0.32385,0.31165,0.26917,97.10693,-64.75830,-2.07520
22:49:54.720 -> 955,0.39954,0.35376,0.32654,89.11133,-66.34521,-2.38037
22:49:54.720 -> 972,0.40491,0.34534,0.33496,87.95166,-76.59912,-4.27246
22:49:54.767 -> 989,0.44324,0.35132,0.47522,85.44922,-93.87207,-5.31006
22:49:54.767 -> 1006,0.50732,0.35937,0.53491,75.86670,-103.08838,-3.66211
22:49:54.767 -> 1023,0.51794,0.30396,0.58887,69.88525,-110.22949,-6.46973
22:49:54.815 -> 1040,0.46692,0.24097,0.51111,82.58057,-108.03223,-18.00537
22:49:54.815 -> 1057,0.57471,0.28662,0.70032,91.12549,-112.06055,-31.86035
22:49:54.815 -> 1074,0.70288,0.36804,0.80432,80.93262,-119.07959,-32.34863
22:49:54.862 -> 1091,0.77844,0.38635,0.83020,62.13379,-126.15967,-30.63965
22:49:54.862 -> 1108,0.75232,0.34167,0.89429,51.57471,-129.02832,-30.39551
22:49:54.908 -> 1125,0.75183,0.31128,0.96606,48.64502,-129.63867,-33.81348
22:49:54.908 -> 1142,0.77039,0.27893,0.96802,51.02539,-125.97656,-35.52246
22:49:54.908 -> 1159,0.83862,0.32202,1.02368,51.75781,-122.13135,-39.73389
22:49:54.955 -> 1176,0.85876,0.37573,1.07703,45.28809,-114.99023,-39.73389
22:49:54.955 -> 1193,0.83643,0.32751,1.17322,36.01074,-112.54883,-42.35840
22:49:54.955 -> 1210,0.90613,0.22559,1.13855,37.71973,-103.08838,-54.13818
22:49:55.001 -> 1227,0.99951,0.18896,1.19421,39.48975,-86.60889,-71.10596
22:49:55.001 -> 1244,1.07104,0.23730,1.24121,28.99170,-76.53809,-73.91357
22:49:55.001 -> 1261,1.10327,0.24890,1.23865,15.01465,-69.70215,-65.30762
22:49:55.048 -> 1278,1.07544,0.20715,1.21033,5.92041,-57.80029,-57.98340
22:49:55.048 -> 1295,1.01257,0.18018,1.21252,-5.73730,-45.47119,-55.60303
22:49:55.095 -> 1312,0.92944,0.21143,1.21509,-17.21191,-34.79004,-51.81885
22:49:55.095 -> 1329,0.87231,0.10498,1.40356,-29.90723,-29.90723,-50.84229
22:49:55.095 -> 1346,0.76550,-0.04749,0.94263,-42.96875,-19.95850,-45.95947
22:49:55.141 -> 1363,0.61609,0.00427,0.93579,-29.05273,-1.95312,-75.31738
22:49:55.141 -> 1380,0.68945,0.03491,1.16760,-36.13281,5.37109,-65.42969
22:49:55.141 -> 1397,0.70789,-0.04578,1.13025,-46.87500,-2.25830,-58.16650
22:49:55.189 -> 1414,0.72559,-0.12866,1.07019,-47.11914,1.64795,-61.09619
22:49:55.189 -> 1431,0.75574,-0.11865,1.13562,-53.16162,7.99561,-64.08691
22:49:55.189 -> 1448,0.76428,-0.11902,1.16321,-60.48584,8.97217,-61.40137
22:49:55.235 -> 1465,0.75903,-0.18567,1.12366,-66.34521,11.29150,-62.13379
22:49:55.235 -> 1482,0.74805,-0.16443,1.12256,-67.87109,18.55469,-66.65039
22:49:55.281 -> 1499,0.74707,-0.12170,1.15564,-72.50977,20.56885,-61.52344
22:49:55.281 -> 1516,0.70276,-0.17126,1.13940,-77.69775,21.66748,-64.69727
22:49:55.281 -> 1533,0.66565,-0.18152,1.13818,-82.39746,23.07129,-69.70215
22:49:55.328 -> 1550,0.73083,-0.20435,1.10449,-90.88135,26.67236,-77.75879
22:49:55.328 -> EXIT,92
22:49:55.794 -> BEGIN,48211,9
22:49:55.794 -> 3,0.28601,-0.15137,-0.08264,12.93945,5.92041,0.06104
22:49:55.840 -> 20,0.31335,-0.07532,-0.05212,18.24951,2.31934,-5.67627
22:49:55.840 -> 37,0.39001,-0.10388,0.09180,16.35742,-12.32910,-6.04248
22:49:55.840 -> 54,0.50159,-0.07996,0.14111,12.75635,-37.10938,4.02832
22:49:55.887 -> 71,0.52600,-0.04541,0.05090,14.46533,-56.57959,21.97266
22:49:55.887 -> 88,0.60828,0.05823,0.05579,17.76123,-64.39209,28.50342
22:49:55.887 -> 105,0.68274,-0.00256,0.14978,20.14160,-73.30322,29.29688
22:49:55.933 -> 122,0.76575,0.01465,0.27100,15.99121,-68.48145,28.07617
22:49:55.933 -> 139,0.81018,0.07251,0.26819,17.88330,-55.78613,27.09961
22:49:55.933 -> 156,0.82324,0.09436,0.32458,24.10889,-45.16602,18.06641
22:49:55.980 -> 173,0.87756,0.09277,0.43445,22.76611,-44.55566,8.91113
22:49:55.980 -> 190,0.95911,0.07825,0.46619,11.90186,-43.76221,3.72314
22:49:56.027 -> 207,1.04224,0.08936,0.46130,8.36182,-39.67285,-1.34277
22:49:56.027 -> 224,1.10071,-0.00085,0.50452,10.98633,-27.40479,-10.92529
22:49:56.027 -> 241,1.20837,0.05310,0.63513,4.82178,-17.70020,-19.22607
22:49:56.073 -> 258,1.25110,0.10156,0.61975,-1.70898,-11.35254,-23.19336
22:49:56.073 -> 275,1.11951,0.01978,0.44885,18.06641,2.13623,-26.55029
22:49:56.073 -> 292,1.36975,0.09839,0.68848,39.91699,16.72363,-32.53174
22:49:56.119 -> 309,1.42542,0.07947,0.68542,34.97314,35.33936,-32.59277
22:49:56.119 -> 326,1.50122,0.08057,0.82092,11.29150,41.68701,-11.71875
22:49:56.119 -> 343,1.50220,0.03308,0.72522,-6.83594,36.92627,11.53564
22:49:56.165 -> 360,1.42896,-0.07690,0.56665,-10.62012,42.23633,18.85986
22:49:56.165 -> 377,1.39380,-0.11597,0.52283,-11.59668,49.25537,20.14160
22:49:56.212 -> 394,1.36145,-0.15186,0.48718,-7.01904,52.61230,22.33887
22:49:56.212 -> 411,1.30530,-0.16223,0.47839,-5.00488,56.51855,24.35303
22:49:56.212 -> 428,1.25635,-0.18494,0.45728,-5.98145,58.53271,26.00098
22:49:56.258 -> 445,1.20166,-0.22876,0.42688,-3.72314,61.27930,29.72412
22:49:56.258 -> 462,1.16565,-0.25146,0.36926,-0.97656,63.78174,26.85547
22:49:56.258 -> 479,1.10339,-0.28003,0.33508,2.01416,65.97900,23.98682
22:49:56.307 -> 496,1.03577,-0.27222,0.32324,8.60596,70.37354,22.33887
22:49:56.307 -> 513,0.98132,-0.28186,0.32898,10.62012,67.68799,25.39063
22:49:56.307 -> 530,0.91138,-0.31433,0.26282,13.79395,65.12451,30.63965
22:49:56.353 -> 547,0.84900,-0.33264,0.21729,16.90674,62.68311,32.47070
22:49:56.353 -> 564,0.80029,-0.36475,0.11951,28.38135,61.58447,27.77100
22:49:56.400 -> 581,0.81116,-0.41602,0.11865,41.44287,63.53760,16.90674
22:49:56.400 -> 598,0.82922,-0.40601,0.12231,46.75293,67.38281,10.37598
22:49:56.400 -> 615,0.79358,-0.38196,0.10657,53.46680,73.66943,13.48877
22:49:56.447 -> 632,0.72058,-0.38196,0.02271,63.35449,78.36914,16.29639
22:49:56.447 -> 649,0.64612,-0.34277,-0.02307,70.25146,75.37842,15.80811
22:49:56.447 -> 666,0.58813,-0.33374,-0.04871,76.96533,67.99316,15.56396
22:49:56.494 -> 683,0.55237,-0.33508,-0.05139,79.65088,62.56104,15.19775
22:49:56.494 -> 700,0.50793,-0.30591,-0.01282,83.92334,55.35889,19.95850
22:49:56.494 -> 717,0.46106,-0.26953,-0.00635,86.79199,44.98291,26.42822
22:49:56.540 -> 734,0.41455,-0.23584,-0.01904,86.24268,39.48975,27.03857
22:49:56.540 -> 751,0.34998,-0.15088,-0.01672,79.71191,34.60693,26.48926
22:49:56.587 -> 768,0.28894,-0.09338,-0.00208,64.39209,27.70996,26.85547
22:49:56.587 -> 785,0.19580,-0.07800,-0.04309,60.48584,15.93018,24.90234
22:49:56.587 -> 802,0.13696,-0.02148,-0.05249,70.00732,-0.30518,26.06201
22:49:56.632 -> 819,0.08826,0.03308,-0.00708,75.07324,-20.50781,29.54102
22:49:56.632 -> 836,0.05737,0.11389,-0.02588,82.39746,-40.77148,30.57861
22:49:56.632 -> 853,0.00378,0.16357,0.00195,82.09229,-55.84717,30.51758
22:49:56.680 -> 870,-0.07471,0.23254,0.03943,83.43506,-59.38721,28.80859
22:49:56.680 -> 887,-0.12134,0.27124,0.12268,87.82959,-62.25586,16.90674
22:49:56.680 -> 904,-0.05518,0.27307,0.21143,98.14453,-65.42969,0.91553
22:49:56.727 -> 921,0.06519,0.36145,0.24353,103.82080,-67.74902,-9.09424
22:49:56.727 -> 938,0.10229,0.38232,0.22083,112.97607,-70.55664,-23.86475
22:49:56.774 -> 955,0.20911,0.44421,0.34619,115.53955,-73.36426,-37.35352
22:49:56.774 -> 972,0.36804,0.48657,0.53357,103.63770,-89.23340,-32.77588
22:49:56.774 -> 989,0.52551,0.55554,0.59729,88.92822,-104.61426,-15.38086
22:49:56.820 -> 1006,0.58728,0.53845,0.56714,79.16260,-120.30029,-1.40381
22:49:56.820 -> 1023,0.60681,0.57104,0.71399,77.57568,-119.26270,-0.91553
22:49:56.820 -> 1040,0.73840,0.61902,0.78625,69.51904,-117.12646,-4.94385
22:49:56.868 -> 1057,0.81604,0.64001,0.84741,59.81445,-114.13574,-8.54492
22:49:56.868 -> 1074,0.84656,0.64795,0.91663,51.69678,-109.19189,-9.15527
22:49:56.868 -> 1091,0.87793,0.69482,1.01770,41.93115,-111.87744,-4.76074
22:49:56.914 -> 1108,0.89221,0.70154,1.05005,36.56006,-111.87744,-5.49316
22:49:56.914 -> 1125,0.82959,0.60510,1.08569,33.38623,-106.20117,-26.06201
22:49:56.962 -> 1142,0.81738,0.55164,1.13354,30.02930,-93.01758,-52.42920
22:49:56.962 -> 1159,0.80969,0.53516,1.20923,26.55029,-88.50098,-70.61768
22:49:56.962 -> 1176,0.86475,0.47656,1.25842,18.00537,-84.65576,-83.61816
22:49:57.009 -> 1193,0.94263,0.39453,1.26672,6.83594,-79.16260,-93.87207
22:49:57.009 -> 1210,0.96570,0.34802,1.31323,-11.84082,-76.84326,-93.26172
22:49:57.009 -> 1227,0.94275,0.29712,1.21069,-18.79883,-68.60352,-88.37891
22:49:57.055 -> 1244,0.88428,0.27881,1.20276,-21.85059,-62.50000,-88.86719
22:49:57.055 -> 1261,0.82568,0.18042,1.14709,-24.90234,-50.84229,-103.63770
22:49:57.055 -> 1278,0.96777,0.04529,1.15771,-30.33447,-31.73828,-123.84033
22:49:57.101 -> 1295,1.08533,-0.04639,1.16577,-39.67285,-11.29150,-122.98584
22:49:57.101 -> 1312,1.04358,-0.16052,1.13977,-45.41016,-12.51221,-110.41260
22:49:57.149 -> 1329,0.92383,0.18103,0.93909,-42.90771,-10.00977,-96.19141
22:49:57.149 -> 1346,0.88647,-0.16101,1.27832,-58.65479,-5.98145,-79.34570
22:49:57.149 -> 1363,0.72974,-0.20337,1.16040,-63.72070,-1.03760,-90.75928
22:49:57.196 -> 1380,0.79749,-0.31982,1.08667,-57.00684,18.12744,-102.11182
22:49:57.196 -> 1397,0.85535,-0.33923,1.10291,-56.09131,28.25928,-110.65674
22:49:57.196 -> 1414,0.81201,-0.28003,1.15759,-64.51416,35.70557,-97.96143
22:49:57.243 -> 1431,0.72876,-0.35229,1.11548,-74.03564,34.72900,-82.21436
22:49:57.243 -> EXIT,85
22:49:57.805 -> BEGIN,50198,10
22:49:57.805 -> 3,0.55884,0.07385,0.10632,20.08057,-25.81787,-18.61572
22:49:57.805 -> 20,0.68677,0.01416,0.21411,16.47949,-29.60205,-28.80859
22:49:57.805 -> 37,0.78430,0.04407,0.27039,12.14600,-28.38135,-29.23584
22:49:57.853 -> 54,0.82886,0.04712,0.26819,14.34326,-25.93994,-22.46094
22:49:57.853 -> 71,0.89941,0.05249,0.29382,15.50293,-20.08057,-17.70020
22:49:57.853 -> 88,0.94971,-0.02466,0.36841,11.84082,-15.93018,-21.66748
22:49:57.899 -> 105,0.99927,-0.01941,0.38940,6.16455,-13.18359,-24.59717
22:49:57.899 -> 122,1.05591,0.03418,0.39844,2.68555,-12.39014,-24.71924
22:49:57.947 -> 139,1.08972,-0.03357,0.36707,5.61523,-11.35254,-34.36279
22:49:57.947 -> 156,1.12036,-0.05054,0.37439,5.92041,-5.61523,-42.60254
22:49:57.947 -> 173,1.18445,-0.10828,0.42163,2.99072,-2.38037,-39.85596
22:49:57.995 -> 190,1.19690,-0.09961,0.37292,5.37109,-2.80762,-31.00586
22:49:57.995 -> 207,1.20959,-0.10742,0.43445,-2.86865,-2.56348,-19.71436
22:49:57.995 -> 224,1.23523,-0.06384,0.44177,-6.16455,-8.60596,-10.37598
22:49:58.040 -> 241,1.17395,-0.10376,0.44495,-5.18799,-18.43262,-3.90625
22:49:58.040 -> 258,1.17896,-0.06848,0.36682,-4.21143,-13.48877,-2.56348
22:49:58.040 -> 276,1.22998,-0.04175,0.41431,-4.02832,-5.06592,0.54932
22:49:58.086 -> 293,1.21423,-0.12378,0.45557,-7.56836,-1.70898,7.69043
22:49:58.086 -> 310,1.22656,-0.18030,0.45984,-8.85010,3.78418,15.07568
22:49:58.132 -> 327,1.24609,-0.17065,0.45361,-11.71875,6.59180,18.43262
22:49:58.132 -> 344,1.26282,-0.23462,0.41211,-10.74219,12.14600,13.85498
22:49:58.132 -> 361,1.29443,-0.31116,0.46155,-12.02393,20.44678,3.84521
22:49:58.178 -> 378,1.39343,-0.35486,0.46484,-11.96289,25.75684,0.67139
22:49:58.178 -> 395,1.49536,-0.43506,0.45007,-5.73730,42.35840,3.17383
22:49:58.178 -> 412,1.53284,-0.51208,0.47864,-0.24414,54.74854,7.32422
22:49:58.224 -> 429,1.51477,-0.55090,0.45435,9.94873,62.68311,13.30566
22:49:58.224 -> 446,1.45837,-0.55664,0.47583,12.93945,67.44385,22.09473
22:49:58.271 -> 463,1.37622,-0.56604,0.45483,12.26807,67.01660,28.07617
22:49:58.271 -> 480,1.27930,-0.59119,0.36499,13.12256,71.35010,32.04346
22:49:58.271 -> 497,1.16211,-0.58350,0.29456,25.69580,77.69775,35.46143
22:49:58.317 -> 514,1.03601,-0.55823,0.25146,38.33008,79.16260,36.92627
22:49:58.317 -> 531,0.92151,-0.52466,0.22742,43.09082,79.77295,39.61182
22:49:58.317 -> 548,0.81604,-0.50024,0.20837,45.34912,76.59912,41.25977
22:49:58.363 -> 565,0.72888,-0.45264,0.20813,46.56982,69.03076,46.14258
22:49:58.363 -> 582,0.63733,-0.46191,0.10168,55.29785,67.38281,50.41504
22:49:58.363 -> 599,0.54370,-0.43213,0.06592,65.18555,70.61768,53.03955
22:49:58.410 -> 616,0.47351,-0.39990,0.04639,68.84766,65.91797,53.64990
22:49:58.410 -> 633,0.42200,-0.38367,-0.00366,71.53320,57.98340,51.57471
22:49:58.457 -> 650,0.35791,-0.34192,-0.06787,77.14844,53.34473,48.64502
22:49:58.457 -> 667,0.30725,-0.31189,-0.11743,82.27539,49.62158,44.06738
22:49:58.457 -> 684,0.28003,-0.29407,-0.13562,95.45898,48.09570,38.75732
22:49:58.503 -> 701,0.25952,-0.24805,-0.12024,104.43115,40.95459,31.73828
22:49:58.503 -> 718,0.24719,-0.17627,-0.06860,106.32324,30.15137,29.78516
22:49:58.503 -> 735,0.21997,-0.11938,-0.10229,109.98535,16.47949,30.27344
22:49:58.550 -> 752,0.21814,-0.07593,-0.09680,111.93848,3.35693,28.56445
22:49:58.550 -> 769,0.19653,-0.06287,-0.08960,111.38916,-1.28174,28.32031
22:49:58.550 -> 786,0.19934,-0.05457,-0.01196,107.54395,-12.02393,26.06201
22:49:58.597 -> 803,0.20105,0.00208,-0.00110,105.65186,-17.88330,24.78027
22:49:58.597 -> 820,0.19653,0.07202,0.00049,106.56738,-18.12744,25.26855
22:49:58.644 -> 837,0.20508,0.13867,0.06360,109.55811,-23.80371,24.59717
22:49:58.644 -> 854,0.20117,0.17725,0.13770,114.99023,-36.68213,18.61572
22:49:58.644 -> 871,0.24353,0.17712,0.20068,122.37549,-46.87500,7.26318
22:49:58.691 -> 888,0.29041,0.21606,0.25159,125.24414,-46.81396,-0.18311
22:49:58.691 -> 905,0.34241,0.32019,0.33643,116.94336,-51.14746,-1.52588
22:49:58.691 -> 922,0.36279,0.41028,0.41797,101.25732,-68.23730,8.66699
22:49:58.738 -> 939,0.39978,0.41016,0.44983,96.31348,-89.23340,20.56885
22:49:58.738 -> 956,0.45459,0.37109,0.48486,102.78320,-101.74561,18.73779
22:49:58.738 -> 973,0.48120,0.36963,0.52832,101.80664,-99.91455,11.53564
22:49:58.785 -> 990,0.49048,0.44775,0.59033,97.47314,-96.80176,5.49316
22:49:58.785 -> 1007,0.51013,0.54871,0.72607,85.69336,-102.35596,9.94873
22:49:58.832 -> 1024,0.51917,0.57532,0.78125,82.27539,-105.04150,19.71436
22:49:58.832 -> 1041,0.52441,0.62012,0.89685,67.62695,-112.42676,26.12305
22:49:58.832 -> 1058,0.53223,0.59033,0.83667,61.82861,-117.30957,20.01953
22:49:58.878 -> 1075,0.59192,0.56287,0.87000,60.48584,-105.65186,0.85449
22:49:58.878 -> 1092,0.63257,0.61902,0.91003,55.05371,-94.05518,-13.67187
22:49:58.878 -> 1109,0.61426,0.63855,0.96289,52.97852,-92.04102,-25.32959
22:49:58.925 -> 1126,0.66919,0.64868,1.03271,44.61670,-97.41211,-34.85107
22:49:58.925 -> 1143,0.72046,0.60339,1.05383,37.78076,-94.84863,-41.80908
22:49:58.925 -> 1160,0.77612,0.58313,1.06677,34.11865,-90.63721,-45.34912
22:49:58.972 -> 1177,0.75439,0.53064,1.07019,28.19824,-81.05469,-52.61230
22:49:58.972 -> 1194,0.72034,0.53821,1.10950,16.78467,-74.95117,-62.25586
22:49:59.019 -> 1211,0.72742,0.54407,1.13147,3.47900,-72.20459,-67.68799
22:49:59.019 -> 1228,0.76001,0.45325,1.06958,-2.86865,-63.47656,-78.24707
22:49:59.019 -> 1245,0.79492,0.33459,1.09155,-5.55420,-52.36816,-95.76416
22:49:59.066 -> 1262,0.80212,0.25635,1.11145,-7.08008,-41.19873,-107.97119
22:49:59.066 -> 1279,0.81470,0.30371,1.16455,-11.16943,-34.60693,-107.48291
22:49:59.066 -> 1296,0.89331,0.25610,1.18738,-23.31543,-33.99658,-100.83008
22:49:59.113 -> 1313,0.89233,0.18823,1.05005,-32.89795,-22.76611,-100.58594
22:49:59.113 -> 1330,0.95776,0.10437,1.41443,-48.33984,-30.88379,-85.69336
22:49:59.113 -> 1347,0.85059,0.23450,1.08875,-64.75830,-38.57422,-56.03027
22:49:59.160 -> 1364,0.73096,0.06665,1.11340,-61.88965,-30.45654,-55.54199
22:49:59.160 -> 1381,0.62537,0.13879,0.98364,-57.00684,-17.02881,-70.43457
22:49:59.160 -> 1398,0.64429,0.01953,1.24341,-67.93213,-11.35254,-84.89990
22:49:59.207 -> 1415,0.56934,-0.07227,1.12500,-77.63672,-5.67627,-99.73145
22:49:59.207 -> 1432,0.58704,0.06116,1.31555,-81.17676,-5.24902,-98.26660
22:49:59.254 -> 1449,0.57336,-0.03564,1.22595,-82.58057,-2.07520,-77.51465
22:49:59.254 -> 1466,0.50610,-0.08667,1.18103,-75.92773,-1.40381,-74.64600
22:49:59.254 -> 1483,0.46436,-0.12683,1.21997,-75.43945,0.79346,-81.11572
22:49:59.299 -> 1500,0.48608,-0.27148,1.22815,-80.87158,4.76074,-97.41211
22:49:59.299 -> 1517,0.61035,-0.41248,1.16089,-84.22852,15.99121,-118.28613
22:49:59.299 -> 1534,0.67847,-0.42322,1.13660,-83.06885,27.58789,-124.02344
22:49:59.346 -> 1551,0.81091,-0.38354,1.11279,-81.11572,30.39551,-119.26270
22:49:59.346 -> 1568,0.91785,-0.44263,1.10266,-80.50537,34.66797,-107.60498
22:49:59.346 -> EXIT,93
22:49:59.722 -> BEGIN,52142,11
22:49:59.722 -> 3,-0.04797,-0.04675,-0.02869,-14.28223,40.40527,16.23535
22:49:59.768 -> 20,0.05078,0.11414,0.15442,-1.70898,22.03369,8.17871
22:49:59.768 -> 37,0.12512,0.03564,0.06152,4.02832,7.87354,-2.56348
22:49:59.768 -> 54,0.21313,0.10962,0.02185,22.82715,0.12207,-22.64404
22:49:59.814 -> 71,0.36975,0.03149,0.09070,33.14209,1.15967,-47.91260
22:49:59.814 -> 88,0.54346,0.08167,0.21240,34.05762,-0.12207,-59.87549
22:49:59.814 -> 105,0.67627,0.10510,0.25488,27.52686,-1.89209,-58.47168
22:49:59.861 -> 122,0.74707,0.11658,0.24939,23.25439,-5.92041,-51.26953
22:49:59.861 -> 139,0.80798,0.06702,0.21204,22.88818,-2.31934,-46.56982
22:49:59.907 -> 156,0.84973,0.06470,0.27417,16.66260,-3.35693,-47.36328
22:49:59.907 -> 173,0.92053,0.08093,0.29614,10.92529,-7.50732,-52.79541
22:49:59.907 -> 190,0.96765,0.00476,0.29224,7.87354,-8.11768,-57.37305
22:49:59.954 -> 207,1.02722,-0.01697,0.28064,12.69531,-8.11768,-58.77686
22:49:59.954 -> 224,1.10474,-0.01062,0.26306,22.33887,-7.32422,-59.38721
22:49:59.954 -> 241,1.10242,-0.06152,0.25134,46.50879,-5.00488,-61.15723
22:50:00.002 -> 258,1.17432,-0.15283,0.33643,54.01611,-8.85010,-58.47168
22:50:00.002 -> 275,1.15552,-0.29687,0.24854,51.51367,-11.71875,-55.48096
22:50:00.002 -> 292,1.39746,-0.26233,0.27222,53.83301,-1.28174,-50.84229
22:50:00.049 -> 309,1.51624,-0.37317,0.29541,53.40576,12.81738,-46.32568
22:50:00.049 -> 326,1.63013,-0.28918,0.43774,48.15674,15.62500,-25.45166
22:50:00.049 -> 343,1.65210,-0.32080,0.49463,34.30176,4.88281,5.49316
22:50:00.095 -> 360,1.65466,-0.37793,0.47034,31.73828,5.98145,25.75684
22:50:00.095 -> 377,1.66345,-0.36951,0.50098,29.05273,13.12256,39.18457
22:50:00.142 -> 394,1.62415,-0.33179,0.59351,18.79883,17.02881,47.54639
22:50:00.142 -> 411,1.56213,-0.25000,0.61633,7.26318,20.44678,50.78125
22:50:00.142 -> 428,1.50562,-0.22192,0.61682,0.24414,28.62549,56.21338
22:50:00.189 -> 445,1.41248,-0.20312,0.58887,0.91553,44.25049,61.88965
22:50:00.189 -> 462,1.26746,-0.10193,0.59082,-4.45557,54.07715,62.98828
22:50:00.189 -> 479,1.07410,-0.06177,0.50085,-4.39453,65.91797,53.52783
22:50:00.236 -> 496,0.95679,-0.05176,0.46777,-5.79834,78.79639,38.63525
22:50:00.236 -> 513,0.93750,-0.10315,0.39893,-3.05176,90.33203,25.81787
22:50:00.236 -> 530,0.97461,-0.16699,0.34546,-1.58691,95.45898,22.94922
22:50:00.282 -> 547,0.97290,-0.16187,0.27710,-2.38037,90.33203,33.87451
22:50:00.282 -> 564,0.89026,-0.24695,0.17151,-2.07520,80.32227,43.33496
22:50:00.329 -> 581,0.84644,-0.36914,0.03174,5.73730,78.06396,37.29248
22:50:00.329 -> 598,0.84729,-0.41907,-0.05554,13.30566,84.41162,28.32031
22:50:00.329 -> 615,0.83557,-0.48999,-0.07629,18.61572,87.09717,24.90234
22:50:00.375 -> 632,0.81189,-0.56934,-0.13647,30.02930,90.82031,17.21191
22:50:00.375 -> 649,0.79028,-0.59741,-0.17383,40.34424,93.81104,17.57813
22:50:00.375 -> 666,0.75305,-0.65332,-0.21033,48.21777,93.20068,17.33398
22:50:00.421 -> 683,0.68176,-0.65662,-0.25146,56.27441,89.96582,16.47949
22:50:00.421 -> 700,0.57971,-0.66382,-0.25378,64.08691,80.56641,16.66260
22:50:00.468 -> 717,0.49487,-0.62598,-0.26831,77.27051,74.46289,19.77539
22:50:00.468 -> 734,0.40710,-0.54309,-0.21240,86.05957,67.19971,26.97754
22:50:00.468 -> 751,0.29980,-0.43396,-0.19238,86.12061,52.67334,31.92139
22:50:00.515 -> 768,0.20740,-0.39124,-0.23193,90.51514,39.79492,30.39551
22:50:00.515 -> 785,0.14294,-0.28638,-0.21582,99.97559,31.31104,29.47998
22:50:00.515 -> 802,0.08667,-0.24146,-0.17969,109.31396,26.30615,27.70996
22:50:00.561 -> 819,0.04712,-0.15320,-0.14136,120.17822,21.30127,23.37646
22:50:00.561 -> 836,0.02356,-0.01746,-0.04492,119.50684,5.24902,20.44678
22:50:00.561 -> 853,0.01624,0.04834,-0.02625,114.07471,-7.93457,18.55469
22:50:00.607 -> 870,0.01770,0.08813,-0.06726,113.40332,-13.18359,10.43701
22:50:00.607 -> 887,0.02502,0.14539,-0.07556,126.34277,-20.62988,-3.72314
22:50:00.654 -> 904,0.05396,0.19971,0.01160,135.13184,-35.76660,-15.86914
22:50:00.654 -> 921,0.12158,0.29565,0.14514,131.53076,-53.52783,-19.65332
22:50:00.654 -> 938,0.16614,0.29321,0.21814,129.08936,-71.96045,-19.28711
22:50:00.701 -> 955,0.22424,0.29199,0.31494,128.17383,-83.31299,-18.06641
22:50:00.701 -> 972,0.23718,0.37000,0.40796,122.19238,-93.07861,-15.31982
22:50:00.701 -> 989,0.18909,0.46375,0.53979,107.36084,-111.99951,-7.32422
22:50:00.749 -> 1006,-0.00879,0.59155,0.55139,95.76416,-124.26758,-2.92969
22:50:00.749 -> 1023,-0.03601,0.63635,0.56396,67.87109,-154.17480,8.11768
22:50:00.749 -> 1040,-0.04919,0.62402,0.55627,72.32666,-176.45264,5.43213
22:50:00.795 -> 1057,0.05383,0.56836,0.54810,100.28076,-169.43359,-17.76123
22:50:00.795 -> 1074,0.27100,0.56836,0.99219,104.98047,-167.66357,-41.93115
22:50:00.841 -> 1091,0.54871,0.67493,1.24268,95.39795,-174.07227,-29.41895
22:50:00.841 -> 1108,0.72583,0.75061,1.32300,80.20020,-182.80029,0.73242
22:50:00.841 -> 1125,0.64905,0.77795,1.27856,70.00732,-182.25098,21.05713
22:50:00.888 -> 1142,0.68970,0.76282,1.42334,52.12402,-191.22314,24.10889
22:50:00.888 -> 1159,0.76477,0.70300,1.41040,37.59766,-173.76709,17.70020
22:50:00.888 -> 1176,0.66772,0.63342,1.15662,50.59814,-132.93457,-6.65283
22:50:00.935 -> 1193,0.57275,0.60254,1.26038,57.55615,-113.15918,-50.53711
22:50:00.935 -> 1210,0.72400,0.58362,1.36877,47.30225,-108.09326,-84.41162
22:50:00.935 -> 1227,0.91516,0.53186,1.44849,30.51758,-96.31348,-93.26172
22:50:00.981 -> 1244,0.92651,0.47632,1.37549,19.59229,-79.77295,-84.22852
22:50:00.981 -> 1261,0.80176,0.37305,1.34119,16.96777,-68.35938,-85.57129
22:50:01.028 -> 1278,0.71008,0.29028,1.33093,9.94873,-62.25586,-100.46387
22:50:01.028 -> 1295,0.70813,0.25549,1.36194,1.40381,-54.13818,-111.93848
22:50:01.028 -> 1312,0.76685,0.17383,1.37537,-8.05664,-42.48047,-112.79297
22:50:01.074 -> 1329,0.74036,0.19434,1.18420,-14.09912,-25.75684,-107.60498
22:50:01.074 -> 1346,0.68250,0.27185,1.79346,-40.52734,-42.17529,-87.89063
22:50:01.074 -> 1363,0.55725,-0.26685,1.28906,-47.66846,-30.27344,-92.89551
22:50:01.122 -> 1380,0.52502,-0.02686,1.06421,-30.63965,16.35742,-109.98535
22:50:01.122 -> 1397,0.75684,-0.04456,1.73547,-36.19385,25.75684,-109.98535
22:50:01.122 -> 1414,0.70935,0.19360,1.72961,-76.78223,13.30566,-101.44043
22:50:01.169 -> 1431,0.53162,0.10437,1.52905,-85.44922,18.85986,-79.52881
22:50:01.169 -> 1448,0.57922,0.07983,1.66858,-99.42627,16.47949,-67.81006
22:50:01.218 -> 1465,0.65356,-0.14380,1.50391,-114.19678,11.71875,-56.64063
22:50:01.218 -> 1482,0.61987,-0.17175,1.46252,-114.13574,17.39502,-44.86084
22:50:01.218 -> 1499,0.50195,-0.37500,1.39673,-120.30029,13.67187,-57.92236
22:50:01.263 -> EXIT,89
22:50:01.635 -> BEGIN,54027,12
22:50:01.635 -> 3,-0.06750,0.13318,0.19568,8.72803,33.38623,-3.47900
22:50:01.635 -> 20,-0.08752,0.02283,0.14355,4.63867,18.31055,-9.21631
22:50:01.635 -> 37,-0.00073,0.03564,0.10828,1.09863,10.55908,-15.62500
22:50:01.682 -> 54,0.03125,0.11609,0.08337,-5.98145,-3.96729,-30.21240
22:50:01.682 -> 71,0.12927,0.10693,-0.03479,0.48828,-3.11279,-45.34912
22:50:01.682 -> 88,0.27783,0.06787,0.01331,14.58740,10.25391,-58.89893
22:50:01.729 -> 105,0.39685,0.01404,0.13245,10.07080,18.85986,-67.74902
22:50:01.729 -> 122,0.49878,0.03455,0.08521,6.65283,21.54541,-62.74414
22:50:01.778 -> 139,0.56677,0.05566,0.14941,4.94385,14.03809,-54.68750
22:50:01.778 -> 156,0.65210,0.00098,0.19604,5.49316,0.00000,-52.79541
22:50:01.778 -> 173,0.69800,-0.05688,0.23804,4.88281,-10.00977,-49.86572
22:50:01.824 -> 190,0.77478,-0.02173,0.26636,2.25830,-13.91602,-46.50879
22:50:01.824 -> 207,0.85535,-0.02307,0.31030,-2.74658,-24.16992,-41.38184
22:50:01.824 -> 224,0.89014,-0.05029,0.30737,-5.37109,-31.86035,-44.73877
22:50:01.871 -> 241,0.97839,-0.04541,0.35217,0.12207,-38.75732,-55.60303
22:50:01.871 -> 258,1.09546,-0.05615,0.47253,-0.30518,-45.71533,-70.06836
22:50:01.871 -> 275,1.31787,-0.12537,0.44641,3.17383,-44.92188,-87.95166
22:50:01.917 -> 292,1.33167,-0.29944,0.30225,35.70557,-31.61621,-105.04150
22:50:01.917 -> 309,1.53992,-0.23328,0.55920,49.62158,-24.04785,-102.29492
22:50:01.917 -> 326,1.85388,-0.37476,0.82581,28.44238,-29.72412,-65.61279
22:50:01.964 -> 343,2.00793,-0.52563,0.74463,18.49365,-23.19336,-26.30615
22:50:01.964 -> 360,2.03247,-0.59961,0.77869,9.46045,-8.91113,3.11279
22:50:02.011 -> 377,1.99146,-0.66553,0.81262,7.08008,9.21631,26.73340
22:50:02.011 -> 394,1.90710,-0.72571,0.83765,3.90625,32.47070,44.06738
22:50:02.011 -> 411,1.72607,-0.69299,0.82410,1.95312,54.80957,58.04443
22:50:02.057 -> 428,1.54651,-0.74463,0.80371,-4.82178,66.95557,59.87549
22:50:02.057 -> 445,1.41907,-0.76062,0.66626,7.81250,88.43994,59.99756
22:50:02.057 -> 462,1.28455,-0.72083,0.68982,15.01465,104.06494,61.88965
22:50:02.104 -> 479,1.12732,-0.65662,0.64392,14.52637,109.25293,66.71143
22:50:02.104 -> 496,0.98059,-0.70044,0.52612,17.45605,112.85400,65.79590
22:50:02.104 -> 513,0.86523,-0.70386,0.45093,27.28271,123.41309,62.37793
22:50:02.151 -> 530,0.76965,-0.60937,0.48230,33.32520,124.75586,62.86621
22:50:02.151 -> 547,0.66443,-0.47119,0.50061,31.92139,116.45508,72.87598
22:50:02.197 -> 564,0.62671,-0.45911,0.40063,23.19336,105.40771,76.66016
22:50:02.197 -> 581,0.56494,-0.46423,0.30750,19.22607,104.12598,70.67871
22:50:02.197 -> 598,0.49792,-0.48596,0.09521,17.33398,114.80713,51.94092
22:50:02.245 -> 615,0.42542,-0.43030,0.00342,22.82715,128.90625,38.39111
22:50:02.245 -> 632,0.40454,-0.38782,-0.01904,31.79932,126.03760,26.00098
22:50:02.245 -> 649,0.31982,-0.33911,-0.15991,59.69238,110.41260,17.94434
22:50:02.291 -> 666,0.27246,-0.27844,-0.12402,80.87158,89.66064,10.86426
22:50:02.291 -> 683,0.26599,-0.21643,-0.20227,98.26660,81.11572,9.15527
22:50:02.291 -> 700,0.29065,-0.19373,-0.07996,106.32324,70.61768,9.03320
22:50:02.338 -> 717,0.23401,-0.15234,-0.08850,110.65674,54.74854,9.82666
22:50:02.338 -> 734,0.18347,-0.07654,-0.11462,115.96680,42.17529,11.29150
22:50:02.384 -> 751,0.13916,-0.06213,-0.13147,119.56787,31.49414,12.93945
22:50:02.384 -> 768,0.13269,-0.00659,-0.14771,122.92480,22.21680,16.23535
22:50:02.384 -> 785,0.15051,0.05872,-0.07178,119.07959,11.77979,22.64404
22:50:02.430 -> 802,0.12524,0.08411,-0.07715,108.03223,-3.84521,27.58789
22:50:02.430 -> 819,0.08215,0.10132,-0.13904,105.95703,-14.16016,27.89307
22:50:02.430 -> 836,0.08350,0.15198,-0.11401,101.19629,-21.60645,30.02930
22:50:02.477 -> 853,0.11169,0.21155,-0.10022,95.33691,-29.47998,34.24072
22:50:02.477 -> 870,0.11121,0.25073,-0.10876,104.85840,-40.10010,32.59277
22:50:02.524 -> 887,0.09900,0.24854,-0.06213,114.31885,-50.47607,24.10889
22:50:02.524 -> 904,0.09729,0.25830,-0.00476,121.15479,-54.80957,11.84082
22:50:02.524 -> 921,0.08350,0.31567,0.03845,129.39453,-59.50928,-1.83105
22:50:02.570 -> 938,0.09644,0.43738,0.16589,128.66211,-75.56152,-7.44629
22:50:02.570 -> 955,0.09326,0.46375,0.21094,129.63867,-91.24756,-12.57324
22:50:02.570 -> 972,0.14136,0.45911,0.26001,132.81250,-96.74072,-19.65332
22:50:02.617 -> 989,0.19946,0.39294,0.34521,141.66260,-102.05078,-43.88428
22:50:02.617 -> 1006,0.28735,0.40344,0.47009,144.34814,-100.28076,-64.45313
22:50:02.617 -> 1023,0.33997,0.42542,0.65344,134.46045,-107.54395,-66.34521
22:50:02.664 -> 1040,0.51733,0.59277,0.87073,116.27197,-125.12207,-50.41504
22:50:02.664 -> 1057,0.62695,0.67261,0.95667,87.40234,-144.40918,-24.78027
22:50:02.710 -> 1074,0.68921,0.62402,0.99976,66.83350,-158.50830,-11.47461
22:50:02.710 -> 1091,0.76660,0.53809,1.08167,54.74854,-156.31104,-15.74707
22:50:02.710 -> 1108,0.85205,0.53723,1.15100,48.46191,-142.08984,-23.62061
22:50:02.757 -> 1125,0.91052,0.62952,1.12317,45.41016,-124.51172,-27.83203
22:50:02.757 -> 1142,0.92053,0.68555,1.11755,39.06250,-119.62891,-37.84180
22:50:02.757 -> 1159,0.89429,0.58899,1.10229,41.44287,-110.16846,-60.91309
22:50:02.802 -> 1176,0.89514,0.45337,1.14905,43.21289,-88.68408,-96.67969
22:50:02.802 -> 1193,0.88367,0.42407,1.16174,39.85596,-66.58936,-124.14551
22:50:02.802 -> 1210,0.84277,0.36487,1.06738,41.50391,-43.88428,-146.91162
22:50:02.849 -> 1227,0.87146,0.21106,1.06323,39.48975,-27.22168,-177.42920
22:50:02.849 -> 1244,1.00085,0.13220,1.22778,16.29639,-21.78955,-192.99316
22:50:02.896 -> 1261,1.07117,0.14026,1.33459,-17.02881,-36.56006,-166.01562
22:50:02.896 -> 1278,0.89844,0.04724,1.21692,-17.33398,-36.62109,-124.75586
22:50:02.896 -> 1295,0.72461,-0.51160,1.04175,-9.27734,-13.54980,-145.56885
22:50:02.942 -> 1312,0.88354,0.12366,1.48779,-11.65771,12.39014,-151.36719
22:50:02.942 -> 1329,1.03784,0.08032,1.43188,-89.96582,-32.53174,-130.85937
22:50:02.942 -> 1346,1.00073,-0.13513,1.03003,-63.84277,11.16943,-115.66162
22:50:02.987 -> 1363,0.92725,-0.33923,1.22656,-52.67334,28.62549,-118.46924
22:50:02.987 -> 1380,0.85034,-0.07092,1.47778,-63.90381,31.31104,-104.00391
22:50:03.035 -> 1397,0.80408,-0.33569,1.32996,-90.94238,30.70068,-104.18701
22:50:03.035 -> 1414,0.79211,-0.40967,1.06067,-97.29004,52.55127,-118.53027
22:50:03.035 -> 1431,0.87537,-0.62109,1.54456,-99.42627,64.75830,-121.64307
22:50:03.081 -> 1448,0.75500,-0.48816,1.32776,-112.54883,59.20410,-84.10645
22:50:03.081 -> 1465,0.58984,-0.65222,1.24744,-110.10742,62.31689,-73.66943
22:50:03.081 -> 1482,0.48804,-0.72778,1.14832,-116.14990,66.40625,-80.81055
22:50:03.126 -> 1499,0.41479,-0.77222,1.12952,-121.45996,65.12451,-85.02197
22:50:03.126 -> 1516,0.32263,-0.88354,1.02380,-127.25830,61.70654,-92.28516
22:50:03.126 -> 1533,0.24512,-1.11487,0.73950,-119.32373,75.13428,-116.82129
22:50:03.173 -> 1550,0.24500,-0.95593,0.64282,-95.45898,95.09277,-158.69141
22:50:03.173 -> 1567,0.39990,-1.02466,0.66211,-81.97021,95.09277,-155.70068
22:50:03.219 -> 1584,0.61487,-1.04114,0.71338,-70.25146,85.02197,-124.87793
22:50:03.219 -> 1601,0.83789,-1.11279,0.64355,-66.77246,60.11963,-74.34082
22:50:03.219 -> 1618,1.13892,-1.19885,0.56104,-62.31689,41.68701,-30.63965
22:50:03.265 -> EXIT,96
22:50:03.637 -> BEGIN,56061,13
22:50:03.637 -> 3,0.07068,0.01477,0.02344,4.45557,25.87891,5.37109
22:50:03.684 -> 19,0.07324,-0.00305,0.00061,3.41797,21.72852,-5.61523
22:50:03.684 -> 36,0.09656,-0.02356,-0.05042,2.92969,16.41846,-18.06641
22:50:03.684 -> 53,0.15564,0.05310,-0.09937,11.04736,7.93457,-25.75684
22:50:03.731 -> 70,0.21716,0.03064,-0.04224,16.66260,-6.28662,-35.21729
22:50:03.731 -> 87,0.31421,-0.02429,-0.03918,24.84131,-20.93506,-52.18506
22:50:03.731 -> 104,0.42542,0.00562,-0.05408,45.71533,-32.95898,-73.66943
22:50:03.777 -> 121,0.52539,-0.00964,0.05664,58.77686,-43.70117,-95.45898
22:50:03.777 -> 138,0.70618,-0.09436,0.16968,54.80957,-42.11426,-111.57227
22:50:03.823 -> 155,0.81763,-0.11011,0.22498,36.68213,-35.88867,-120.05615
22:50:03.823 -> 172,0.95447,-0.22852,0.21948,29.78516,-33.93555,-122.25342
22:50:03.823 -> 189,1.09546,-0.27478,0.30310,22.46094,-38.26904,-121.52100
22:50:03.870 -> 206,1.25085,-0.30664,0.41382,25.81787,-47.72949,-105.04150
22:50:03.870 -> 223,1.40112,-0.35791,0.40894,21.72852,-45.47119,-77.94189
22:50:03.870 -> 240,1.58423,-0.29944,0.46960,7.56836,-37.78076,-49.31641
22:50:03.918 -> 257,1.57507,-0.43872,0.54456,-4.02832,-40.03906,-37.17041
22:50:03.918 -> 274,1.59802,-0.49536,0.29187,11.84082,-25.57373,-30.39551
22:50:03.918 -> 291,1.72656,-0.45776,0.50586,31.25000,-3.41797,-4.15039
22:50:03.965 -> 308,1.66968,-0.49670,0.61658,6.04248,-1.15967,19.04297
22:50:03.965 -> 325,1.65247,-0.54626,0.59814,-16.47949,1.22070,34.30176
22:50:04.011 -> 342,1.64050,-0.52637,0.52686,-22.52197,10.62012,46.69189
22:50:04.011 -> 359,1.57629,-0.57336,0.51794,-11.29150,25.93994,58.28857
22:50:04.011 -> 376,1.56128,-0.56201,0.59912,-10.43701,31.18896,66.22314
22:50:04.058 -> 393,1.53882,-0.54395,0.58887,-16.35742,35.52246,78.79639
22:50:04.058 -> 410,1.46936,-0.61182,0.53137,-17.39502,42.66357,84.65576
22:50:04.058 -> 427,1.37134,-0.65088,0.48853,-16.72363,56.21338,81.60400
22:50:04.106 -> 444,1.28662,-0.66235,0.44226,-16.35742,69.15283,74.52393
22:50:04.106 -> 461,1.21436,-0.68457,0.37610,-15.50293,77.39258,65.18555
22:50:04.106 -> 478,1.14441,-0.71375,0.31470,-10.49805,84.35059,55.35889
22:50:04.153 -> 495,1.08130,-0.70764,0.25061,0.61035,90.69824,50.41504
22:50:04.153 -> 512,1.00232,-0.69556,0.20093,13.67187,96.43555,50.78125
22:50:04.199 -> 529,0.89697,-0.68274,0.15576,22.27783,98.93799,49.19434
22:50:04.199 -> 546,0.84143,-0.66663,0.16443,24.59717,97.53418,47.11914
22:50:04.199 -> 563,0.74133,-0.59119,0.16467,23.74268,95.64209,47.60742
22:50:04.246 -> 580,0.60400,-0.54358,0.08630,30.76172,90.75928,49.92676
22:50:04.246 -> 597,0.51025,-0.52991,0.04639,46.38672,90.39307,47.60742
22:50:04.246 -> 614,0.43762,-0.49414,0.00330,56.33545,88.80615,43.64014
22:50:04.292 -> 631,0.38306,-0.40381,-0.03540,60.66895,81.42090,39.36768
22:50:04.292 -> 648,0.29431,-0.33813,-0.11658,63.84277,70.67871,35.15625
22:50:04.292 -> 665,0.20544,-0.24817,-0.24231,79.10156,67.62695,25.57373
22:50:04.338 -> 682,0.21069,-0.26416,-0.27234,95.64209,68.11523,20.75195
22:50:04.338 -> 699,0.22119,-0.22717,-0.23633,102.72217,57.61719,13.67187
22:50:04.385 -> 716,0.22351,-0.14355,-0.27856,103.88184,44.00635,13.00049
22:50:04.385 -> 733,0.23743,-0.13257,-0.22095,102.35596,26.91650,12.08496
22:50:04.385 -> 750,0.23718,-0.05286,-0.24414,106.50635,15.80811,11.10840
22:50:04.432 -> 767,0.25854,-0.01099,-0.19153,109.06982,10.74219,7.93457
22:50:04.432 -> 784,0.29114,0.05872,-0.14185,100.21973,-1.64795,8.17871
22:50:04.432 -> 801,0.26929,0.07056,-0.24756,105.59082,-20.69092,4.82178
22:50:04.478 -> 818,0.29797,0.08826,-0.19238,112.60986,-35.70557,2.56348
22:50:04.478 -> 835,0.35791,0.06824,-0.16040,118.95752,-39.30664,3.05176
22:50:04.478 -> 852,0.40796,0.04126,-0.01392,127.68555,-37.84180,8.30078
22:50:04.524 -> 869,0.38452,0.05957,0.02551,126.22070,-41.25977,14.89258
22:50:04.524 -> 886,0.31116,0.10071,0.07092,121.58203,-51.57471,18.73779
22:50:04.570 -> 903,0.26550,0.16577,0.11487,115.53955,-64.08691,28.32031
22:50:04.570 -> 920,0.20325,0.18420,0.09717,110.04639,-79.10156,39.42871
22:50:04.570 -> 937,0.19604,0.18872,0.09204,114.19678,-90.51514,42.54150
22:50:04.617 -> 954,0.14758,0.16711,0.08130,117.18750,-95.33691,40.28320
22:50:04.617 -> 971,0.08398,0.16614,0.17200,121.82617,-99.60938,32.04346
22:50:04.617 -> 988,0.01990,0.21375,0.22485,126.58691,-102.60010,24.23096
22:50:04.663 -> 1005,-0.08008,0.29089,0.12122,147.39990,-105.71289,9.27734
22:50:04.663 -> 1022,-0.19031,0.36462,0.32043,171.02051,-111.02295,-23.62061
22:50:04.710 -> 1039,-0.12073,0.34387,0.64514,175.90332,-122.86377,-60.42480
22:50:04.710 -> 1056,0.07910,0.25830,0.97766,161.37695,-131.77490,-82.33643
22:50:04.710 -> 1073,0.28259,0.29468,1.13257,146.54541,-136.59668,-82.64160
22:50:04.757 -> 1090,0.43945,0.27271,1.19043,140.93018,-141.90674,-80.50537
22:50:04.757 -> 1107,0.62158,0.22485,1.37549,128.35693,-145.50781,-76.78223
22:50:04.757 -> 1124,0.77283,0.30237,1.52881,106.14014,-149.71924,-62.07275
22:50:04.804 -> 1141,0.78674,0.37097,1.58398,85.99854,-159.97314,-43.39600
22:50:04.804 -> 1158,0.80640,0.27454,1.52795,78.85742,-155.09033,-37.96387
22:50:04.804 -> 1175,0.90930,0.13721,1.56287,66.77246,-135.00977,-52.30713
22:50:04.851 -> 1192,0.95215,0.16724,1.59766,52.67334,-111.63330,-63.35449
22:50:04.851 -> 1209,0.89612,0.22534,1.52466,46.69189,-94.60449,-65.24658
22:50:04.851 -> 1226,0.95215,0.13647,1.53027,36.74316,-84.89990,-76.59912
22:50:04.896 -> 1243,1.04492,0.01074,1.48950,19.77539,-72.32666,-77.45361
22:50:04.896 -> 1260,0.94922,-0.01758,1.48718,4.39453,-61.76758,-66.22314
22:50:04.943 -> 1277,0.76611,0.06677,1.54163,-10.13184,-65.73486,-53.03955
22:50:04.943 -> 1294,0.74133,-0.06335,1.56982,-25.63477,-63.96484,-47.42432
22:50:04.943 -> 1311,0.57898,0.18689,1.04944,-10.55908,-11.47461,-66.34521
22:50:04.990 -> 1328,0.73706,-0.18665,1.98987,-56.21338,-6.65283,-89.17236
22:50:04.990 -> 1345,0.85181,0.17981,1.65771,-75.50049,9.21631,-81.05469
22:50:04.990 -> 1362,0.69568,-0.13342,1.53027,-73.60840,60.60791,-94.72656
22:50:05.037 -> 1379,0.66833,-0.34290,1.55164,-84.28955,98.57178,-137.08496
22:50:05.037 -> 1396,0.78552,-0.10754,1.63733,-103.08838,98.99902,-152.16064
22:50:05.084 -> 1413,0.84680,-0.36169,1.60803,-118.89648,82.76367,-130.06592
22:50:05.084 -> 1430,0.80969,-0.42029,1.37500,-123.71826,69.21387,-96.49658
22:50:05.084 -> 1447,0.69165,-0.55518,1.19739,-113.40332,69.70215,-87.03613
22:50:05.131 -> 1464,0.58630,-0.57446,1.20239,-115.47852,65.67383,-92.34619
22:50:05.131 -> 1481,0.60779,-0.53210,1.15674,-125.91553,55.17578,-101.62354
22:50:05.131 -> 1498,0.64270,-0.72974,1.05615,-128.35693,50.17090,-107.91016
22:50:05.177 -> 1515,0.71350,-0.78223,0.94971,-116.82129,64.14795,-114.37988
22:50:05.177 -> 1532,0.84839,-0.74548,0.95435,-114.80713,70.61768,-108.15430
22:50:05.177 -> 1549,0.89343,-0.78064,0.87524,-111.99951,68.42041,-92.04102
22:50:05.223 -> 1566,0.89490,-0.77087,0.86658,-109.61914,63.65967,-77.69775
22:50:05.223 -> 1583,0.93213,-0.79407,0.84058,-102.41699,66.89453,-69.27490
22:50:05.270 -> 1600,1.08154,-0.85962,0.79968,-91.67480,81.97021,-66.22314
22:50:05.270 -> 1617,1.20007,-0.81702,0.80200,-79.16260,102.29492,-56.27441
22:50:05.270 -> 1634,1.21997,-0.77539,0.85510,-70.06836,117.06543,-41.44287
22:50:05.316 -> 1651,1.18079,-0.65552,0.98267,-72.14355,118.40820,-22.15576
22:50:05.316 -> 1668,1.16223,-0.70801,0.93860,-79.77295,108.94775,0.91553
22:50:05.316 -> EXIT,99
22:50:05.733 -> BEGIN,58155,14
22:50:05.733 -> 3,0.81787,-0.04700,0.09045,16.54053,-8.97217,-35.76660
22:50:05.780 -> 20,0.85681,-0.07397,0.14368,16.60156,-13.12256,-28.93066
22:50:05.780 -> 37,0.89172,-0.06567,0.19189,11.53564,-16.90674,-19.47021
22:50:05.780 -> 54,0.89917,-0.06006,0.17676,6.34766,-18.85986,-14.83154
22:50:05.825 -> 71,0.89685,-0.07935,0.17090,4.21143,-16.35742,-15.44189
22:50:05.825 -> 88,0.87805,-0.09644,0.16418,5.55420,-10.80322,-19.89746
22:50:05.825 -> 105,0.89685,-0.05591,0.23474,5.00488,-6.34766,-16.54053
22:50:05.871 -> 122,0.93958,-0.03284,0.21948,3.84521,-2.44141,-6.95801
22:50:05.871 -> 139,0.95520,-0.08679,0.24207,4.69971,1.22070,-7.08008
22:50:05.919 -> 156,1.01477,-0.14063,0.23950,7.44629,-0.06104,-25.20752
22:50:05.919 -> 173,1.10962,-0.09863,0.33447,4.88281,-4.82178,-34.36279
22:50:05.919 -> 190,1.15369,-0.10327,0.32202,3.47900,-5.37109,-30.45654
22:50:05.966 -> 207,1.21838,-0.13672,0.31555,0.85449,-2.80762,-27.46582
22:50:05.966 -> 224,1.27100,-0.10352,0.35291,-1.46484,-2.74658,-19.53125
22:50:05.966 -> 241,1.25879,-0.11792,0.36536,-2.68555,-4.57764,-14.28223
22:50:06.013 -> 258,1.26428,-0.08838,0.35803,-3.17383,-4.76074,-11.84082
22:50:06.013 -> 275,1.28491,-0.08228,0.40039,-2.56348,-2.50244,-7.08008
22:50:06.013 -> 292,1.19641,-0.14343,0.39441,5.67627,-6.89697,-6.22559
22:50:06.060 -> 309,1.20776,-0.07910,0.41577,-3.96729,-10.49805,-8.05664
22:50:06.060 -> 326,1.12671,-0.06799,0.42896,-6.77490,-8.48389,-2.99072
22:50:06.107 -> 343,1.03784,-0.06555,0.35388,-6.71387,-4.94385,-3.23486
22:50:06.107 -> 360,0.99219,-0.07007,0.36902,-5.18799,4.69971,-5.55420
22:50:06.107 -> 377,1.02710,-0.06702,0.40173,-7.08008,10.74219,-8.36182
22:50:06.155 -> 394,1.03674,-0.00146,0.43958,-11.04736,5.73730,-6.28662
22:50:06.155 -> 411,1.03625,0.01123,0.43433,-14.03809,-3.66211,-15.68604
22:50:06.155 -> 428,1.20508,0.01636,0.46423,-12.69531,-0.06104,-23.92578
22:50:06.201 -> 445,1.41772,-0.02612,0.55603,-9.21631,18.18848,-18.31055
22:50:06.201 -> 462,1.49646,-0.13171,0.60144,-11.96289,32.16553,-19.16504
22:50:06.201 -> 479,1.56165,-0.22119,0.59521,-7.56836,49.19434,-20.99609
22:50:06.249 -> 496,1.70654,-0.39172,0.68225,-10.80322,61.70654,-21.72852
22:50:06.249 -> 513,1.83008,-0.58496,0.71765,-14.89258,77.88086,-9.82666
22:50:06.249 -> 530,1.82947,-0.74683,0.77478,-23.86475,88.19580,9.27734
22:50:06.295 -> 547,1.64221,-0.89221,0.71240,-33.56934,94.97070,29.84619
22:50:06.295 -> 564,1.38696,-1.04700,0.46448,-28.01514,114.19678,32.34863
22:50:06.342 -> 581,1.27979,-1.12085,0.19983,-10.98633,138.18359,17.45605
22:50:06.342 -> 598,1.17969,-1.21704,0.14258,3.60107,148.43750,12.20703
22:50:06.342 -> 615,1.03589,-1.22925,0.10156,31.98242,160.09521,15.74707
22:50:06.389 -> 632,0.90784,-1.13757,0.04321,46.08154,151.30615,26.55029
22:50:06.389 -> 649,0.75977,-1.06152,0.01770,53.58887,137.32910,40.52734
22:50:06.389 -> 666,0.64282,-1.05139,-0.08105,62.86621,128.35693,44.25049
22:50:06.435 -> 683,0.52686,-0.95190,-0.10413,75.01221,123.10791,51.51367
22:50:06.435 -> 700,0.36914,-0.82764,-0.11353,85.08301,109.92432,58.71582
22:50:06.481 -> 717,0.31567,-0.73389,-0.13098,93.87207,95.52002,59.20410
22:50:06.481 -> 734,0.18237,-0.65320,-0.15796,98.20557,85.81543,60.54688
22:50:06.481 -> 751,0.07068,-0.58887,-0.16797,103.39355,78.18604,57.12891
22:50:06.526 -> 768,-0.02393,-0.49475,-0.19250,112.36572,71.59424,50.04883
22:50:06.526 -> 785,-0.11243,-0.39722,-0.18115,121.27686,67.19971,42.60254
22:50:06.526 -> 802,-0.19141,-0.27197,-0.18384,126.40381,61.46240,40.52734
22:50:06.573 -> 819,-0.26697,-0.14697,-0.21289,128.96729,47.30225,36.19385
22:50:06.573 -> 836,-0.31543,-0.11584,-0.22888,126.46484,33.02002,23.92578
22:50:06.573 -> 853,-0.29639,-0.06799,-0.27173,132.08008,22.52197,11.04736
22:50:06.621 -> 870,-0.27795,-0.00940,-0.25452,136.77979,13.06152,1.15967
22:50:06.621 -> 887,-0.26929,0.02075,-0.24377,143.00537,6.59180,-8.91113
22:50:06.668 -> 904,-0.23828,0.14685,-0.14282,142.88330,-3.90625,-14.34326
22:50:06.668 -> 921,-0.20618,0.23523,-0.05518,132.62939,-26.12305,-14.89258
22:50:06.668 -> 938,-0.17358,0.23389,-0.04895,133.05664,-44.67773,-17.51709
22:50:06.715 -> 955,-0.10107,0.23706,-0.01160,135.00977,-52.55127,-24.96338
22:50:06.715 -> 972,-0.08228,0.26562,0.10791,135.68115,-63.23242,-29.54102
22:50:06.715 -> 989,0.00037,0.39441,0.16968,131.10352,-75.68359,-27.28271
22:50:06.762 -> 1006,0.00232,0.46252,0.29993,126.83105,-109.80225,-19.83643
22:50:06.762 -> 1023,-0.02307,0.42285,0.35388,137.51221,-129.88281,-26.55029
22:50:06.762 -> 1040,0.07910,0.46704,0.48975,140.56396,-135.37598,-37.23145
22:50:06.808 -> 1057,0.29419,0.57483,0.58508,140.93018,-142.51709,-37.04834
22:50:06.808 -> 1074,0.46558,0.67371,0.70850,140.19775,-156.12793,-31.73828
22:50:06.855 -> 1091,0.58228,0.72412,0.77307,143.49365,-158.38623,-29.90723
22:50:06.855 -> 1108,0.63062,0.68396,0.95996,127.56348,-167.84668,-35.82764
22:50:06.855 -> 1125,0.69519,0.74939,1.03906,110.53467,-177.18506,-37.17041
22:50:06.901 -> 1142,0.76123,0.74878,1.02795,108.52051,-182.86133,-48.40088
22:50:06.901 -> 1159,0.88354,0.69299,1.08508,102.60010,-178.95508,-57.55615
22:50:06.901 -> 1176,0.97510,0.48145,1.08008,100.52490,-175.78125,-72.26563
22:50:06.948 -> 1193,0.98901,0.41736,1.29810,92.65137,-181.21338,-70.19043
22:50:06.948 -> 1210,0.89929,0.45557,1.43018,85.14404,-186.82861,-58.83789
22:50:06.948 -> 1227,0.86511,0.44470,1.44556,79.58984,-164.79492,-55.11475
22:50:06.995 -> 1244,0.80957,0.37158,1.46631,76.41602,-140.74707,-78.73535
22:50:06.995 -> 1261,0.79480,0.28760,1.52783,59.44824,-118.22510,-105.52979
22:50:07.042 -> 1278,0.83472,0.15527,1.54297,44.98291,-87.89063,-121.45996
22:50:07.042 -> 1295,0.92773,0.12781,1.59338,27.77100,-65.18555,-118.71338
22:50:07.042 -> 1312,0.96716,0.13049,1.54663,9.21631,-59.38721,-115.05127
22:50:07.088 -> 1329,0.95154,0.01111,1.47742,-8.30078,-48.95020,-120.60547
22:50:07.088 -> 1346,0.96509,-0.06030,1.54358,-27.34375,-30.63965,-128.11279
22:50:07.088 -> 1363,0.96106,-0.08081,1.59717,-48.40088,-18.12744,-124.45068
22:50:07.135 -> 1380,0.88916,-0.07654,1.41565,-49.98779,-11.04736,-118.53027
22:50:07.135 -> 1397,0.90601,-0.01453,1.68506,-83.43506,-33.14209,-95.03174
22:50:07.135 -> 1414,0.95959,-0.72461,1.16089,-83.37402,-13.97705,-107.91016
22:50:07.182 -> 1431,0.90564,-0.13928,1.26147,-73.85254,17.88330,-115.47852
22:50:07.182 -> 1448,0.98242,-0.26379,1.91357,-97.65625,7.93457,-102.05078
22:50:07.228 -> 1465,0.80115,-0.34888,1.31628,-111.20605,10.92529,-91.24756
22:50:07.228 -> 1482,0.73389,-0.50818,1.41479,-101.01318,45.53223,-110.77881
22:50:07.228 -> 1499,0.65564,-0.50391,1.34326,-101.98975,70.98389,-129.02832
22:50:07.275 -> 1516,0.60352,-0.53992,1.30176,-94.54346,95.64209,-130.85937
22:50:07.275 -> 1533,0.65466,-0.66016,1.24341,-105.83496,101.44043,-138.91602
22:50:07.275 -> EXIT,91
22:50:07.788 -> BEGIN,60204,15
22:50:07.788 -> 3,0.66541,-0.01611,0.03979,21.85059,8.48389,-47.91260
22:50:07.788 -> 20,0.68909,0.01685,0.10913,17.82227,-6.89697,-44.67773
22:50:07.835 -> 37,0.70923,-0.01624,0.08667,8.17871,-17.51709,-40.28320
22:50:07.835 -> 54,0.79736,-0.05054,0.08264,4.27246,-23.25439,-44.98291
22:50:07.882 -> 71,0.88391,-0.10791,0.03455,18.92090,-18.12744,-51.26953
22:50:07.882 -> 88,0.94507,-0.08203,0.17908,19.77539,-15.80811,-51.51367
22:50:07.882 -> 105,0.94836,-0.01343,0.27087,12.39014,-22.82715,-41.93115
22:50:07.929 -> 122,0.95862,0.01758,0.30408,8.48389,-29.29688,-36.49902
22:50:07.929 -> 139,0.96643,-0.01501,0.27966,1.95312,-36.01074,-30.76172
22:50:07.929 -> 156,0.98987,-0.08154,0.29504,3.29590,-34.91211,-31.43311
22:50:07.975 -> 173,1.01404,-0.07532,0.35376,1.52588,-30.27344,-29.11377
22:50:07.975 -> 190,1.02783,-0.05823,0.37134,-0.91553,-31.43311,-22.70508
22:50:07.975 -> 207,1.07813,-0.09058,0.30579,8.97217,-27.22168,-16.96777
22:50:08.022 -> 224,1.10706,-0.15845,0.39404,13.97705,-16.47949,-13.91602
22:50:08.022 -> 241,1.10999,-0.17773,0.45093,6.16455,-15.38086,-8.48389
22:50:08.069 -> 258,1.07788,-0.12524,0.50110,-1.52588,-26.79443,5.85937
22:50:08.069 -> 275,1.00427,-0.22742,0.28735,3.78418,-29.72412,17.21191
22:50:08.069 -> 292,1.13977,-0.26270,0.36365,27.83203,-33.81348,5.31006
22:50:08.115 -> 309,1.29639,-0.19861,0.49463,23.31543,-29.84619,-6.77490
22:50:08.115 -> 326,1.38232,-0.23560,0.49304,26.36719,-18.24951,-5.79834
22:50:08.115 -> 343,1.46790,-0.16797,0.64453,18.92090,-8.60596,4.57764
22:50:08.161 -> 360,1.53955,-0.16785,0.66235,11.35254,-4.15039,10.55908
22:50:08.161 -> 377,1.62488,-0.21472,0.68225,9.94873,3.84521,10.37598
22:50:08.208 -> 394,1.75769,-0.16174,0.82874,2.13623,10.74219,12.26807
22:50:08.208 -> 411,1.77539,-0.14429,0.87463,-11.53564,17.51709,16.54053
22:50:08.208 -> 428,1.75415,-0.18164,0.83716,-8.85010,39.12354,25.87891
22:50:08.254 -> 445,1.71082,-0.22839,0.95691,-10.68115,60.72998,28.68652
22:50:08.254 -> 462,1.64233,-0.31372,0.94653,-13.18359,82.70264,29.47998
22:50:08.254 -> 479,1.55835,-0.43835,0.92432,-20.01953,104.49219,23.19336
22:50:08.300 -> 496,1.49573,-0.46094,0.87024,-24.71924,127.07520,21.54541
22:50:08.300 -> 513,1.31750,-0.49182,0.82715,-27.09961,134.39941,24.65820
22:50:08.300 -> 530,1.08374,-0.62524,0.64026,-30.45654,140.38086,25.87891
22:50:08.346 -> 547,0.91406,-0.68152,0.38989,-24.10889,143.06641,22.64404
22:50:08.346 -> 564,0.79858,-0.68689,0.26013,-13.48877,135.25391,25.51270
22:50:08.393 -> 581,0.73071,-0.74255,0.16895,-5.06592,124.08447,26.55029
22:50:08.393 -> 598,0.66357,-0.78027,0.00513,8.85010,121.94824,24.59717
22:50:08.393 -> 615,0.58240,-0.74414,-0.06628,28.01514,122.37549,24.84131
22:50:08.440 -> 632,0.54517,-0.69385,-0.12439,44.79980,119.07959,24.16992
22:50:08.440 -> 649,0.47998,-0.71997,-0.18884,59.32617,114.68506,21.66748
22:50:08.440 -> 666,0.44995,-0.69421,-0.22937,71.41113,106.07910,17.82227
22:50:08.486 -> 683,0.40112,-0.59326,-0.25964,83.98438,94.29932,22.58301
22:50:08.486 -> 700,0.36694,-0.52283,-0.23633,92.40723,80.74951,25.08545
22:50:08.486 -> 717,0.34045,-0.54260,-0.34363,106.87256,76.11084,13.61084
22:50:08.533 -> 734,0.36414,-0.54297,-0.27490,122.61963,75.31738,2.74658
22:50:08.533 -> 751,0.35071,-0.50464,-0.22485,129.51660,68.05420,-3.05176
22:50:08.580 -> 768,0.29858,-0.43896,-0.18848,133.97217,61.76758,-2.38037
22:50:08.580 -> 785,0.22253,-0.38049,-0.17102,139.64844,52.67334,-0.12207
22:50:08.580 -> 802,0.12610,-0.29797,-0.16431,151.06201,33.38623,3.41797
22:50:08.627 -> 819,0.06372,-0.18359,-0.10059,158.14209,8.48389,11.96289
22:50:08.627 -> 836,0.00916,-0.07849,-0.02063,154.29687,-12.14600,24.47510
22:50:08.627 -> 853,-0.03345,-0.00281,-0.05103,153.38135,-26.00098,29.47998
22:50:08.674 -> 870,-0.03894,0.03564,-0.01721,158.87451,-30.57861,27.09961
22:50:08.674 -> 887,-0.07068,0.05774,-0.04431,170.34912,-33.99658,16.35742
22:50:08.674 -> 904,-0.07043,0.13623,0.04419,172.54639,-36.86523,11.84082
22:50:08.721 -> 921,-0.08752,0.24268,0.16199,169.49463,-47.48535,10.62012
22:50:08.721 -> 938,-0.13733,0.32422,0.27234,156.06689,-66.89453,20.69092
22:50:08.767 -> 955,-0.23535,0.31934,0.22375,150.26855,-80.26123,23.31543
22:50:08.767 -> 972,-0.33374,0.31226,0.17212,151.06201,-87.28027,10.68115
22:50:08.767 -> 989,-0.33923,0.35059,0.30676,153.01514,-99.30420,-9.70459
22:50:08.813 -> 1006,-0.26611,0.45935,0.43811,148.25439,-109.43604,-27.64893
22:50:08.813 -> 1023,-0.15320,0.61462,0.52930,149.35303,-111.08398,-38.02490
22:50:08.813 -> 1040,-0.08203,0.68616,0.66919,156.73828,-123.22998,-58.89893
22:50:08.859 -> 1057,0.13721,0.70605,1.05017,154.41895,-147.39990,-83.86230
22:50:08.859 -> 1074,0.49573,0.78552,1.34741,136.23047,-168.76221,-85.81543
22:50:08.859 -> 1091,0.76526,0.93640,1.28772,107.78809,-174.01123,-64.81934
22:50:08.905 -> 1108,0.84766,0.79822,1.41150,87.76855,-172.18018,-58.04443
22:50:08.905 -> 1125,1.00647,0.59619,1.50256,67.68799,-164.73389,-72.20459
22:50:08.952 -> 1142,1.13977,0.52490,1.53052,53.52783,-142.76123,-73.97461
22:50:08.952 -> 1159,1.22119,0.76672,1.31824,45.53223,-121.03271,-45.71533
22:50:08.952 -> 1176,1.08264,0.60962,1.43396,34.79004,-127.44141,-37.53662
22:50:08.999 -> 1193,0.95520,0.42017,1.40833,21.11816,-125.48828,-49.37744
22:50:08.999 -> 1210,0.87415,0.17847,1.35278,19.47021,-105.10254,-70.55664
22:50:08.999 -> 1227,0.93140,0.14026,1.13831,27.16064,-70.61768,-83.43506
22:50:09.045 -> 1244,0.88257,0.10352,1.19629,32.16553,-56.27441,-87.95166
22:50:09.045 -> 1261,0.81165,0.10962,1.26550,25.75684,-67.99316,-85.20508
22:50:09.092 -> 1278,0.80408,0.09998,1.17249,20.56885,-66.22314,-91.85791
22:50:09.092 -> 1295,0.72937,-0.03162,1.17505,17.70020,-58.59375,-104.67529
22:50:09.092 -> 1312,0.74561,-0.12561,1.23596,2.31934,-36.74316,-131.34766
22:50:09.138 -> 1329,0.84485,-0.15674,1.23767,-5.73730,-10.19287,-138.67187
22:50:09.138 -> 1347,0.85925,-0.51746,1.26086,-12.39014,12.02393,-154.90723
22:50:09.138 -> 1364,0.94653,-0.09485,1.68457,-12.02393,23.55957,-123.16895
22:50:09.185 -> 1381,0.82922,0.01367,1.36890,-83.43506,-31.18896,-95.33691
22:50:09.185 -> 1398,0.70435,-0.56506,1.18152,-64.94141,5.43213,-109.74121
22:50:09.185 -> 1415,0.82922,-0.40295,1.16272,-64.27002,35.03418,-122.37549
22:50:09.231 -> 1432,0.86438,-0.41858,1.18738,-60.60791,41.25977,-125.79346
22:50:09.231 -> 1449,0.88855,-0.54053,1.27502,-73.05908,41.87012,-121.70410
22:50:09.278 -> 1466,0.84644,-0.37683,1.28833,-89.29443,33.69141,-104.37012
22:50:09.278 -> 1483,0.77161,-0.43079,1.28918,-97.22900,28.13721,-75.92773
22:50:09.278 -> 1500,0.68677,-0.55310,1.17871,-98.99902,28.13721,-71.83838
22:50:09.326 -> 1517,0.58337,-0.63513,1.07495,-90.69824,41.80908,-89.53857
22:50:09.326 -> 1534,0.53491,-0.62146,1.07495,-78.91846,67.87109,-115.66162
22:50:09.326 -> 1551,0.74011,-0.68994,1.12622,-93.01758,86.85303,-133.60596
22:50:09.372 -> 1568,0.82275,-0.74963,1.01184,-92.10205,100.40283,-133.72803
22:50:09.372 -> 1585,0.81299,-0.71765,1.04199,-87.40234,105.83496,-118.40820
22:50:09.372 -> 1602,0.82825,-0.68677,1.06494,-86.30371,105.22461,-98.87695
22:50:09.419 -> 1619,0.88416,-0.82812,0.98853,-88.31787,111.69434,-92.71240
22:50:09.419 -> 1636,0.95923,-0.94568,0.82703,-86.48682,128.96729,-92.52930
22:50:09.465 -> 1653,0.94189,-0.85449,0.89050,-80.32227,137.63428,-79.40674
22:50:09.465 -> 1670,0.95911,-0.88110,0.86475,-75.13428,134.94873,-51.20850
22:50:09.465 -> EXIT,99
22:50:09.884 -> BEGIN,62320,16
22:50:09.930 -> 3,0.40271,0.06787,-0.02686,5.43213,-32.65381,-23.80371
22:50:09.930 -> 20,0.51562,-0.05225,-0.10352,11.35254,-22.64404,-40.89355
22:50:09.930 -> 37,0.67651,-0.23108,-0.12463,23.19336,0.06104,-69.94629
22:50:09.976 -> 54,0.87000,-0.13782,0.00464,26.18408,13.73291,-83.55713
22:50:09.976 -> 71,0.95496,-0.12854,0.04736,29.41895,12.69531,-80.01709
22:50:09.976 -> 88,1.01697,-0.11609,0.04395,33.99658,7.08008,-59.20410
22:50:10.023 -> 105,1.04382,-0.12830,0.16492,25.93994,-6.83594,-37.96387
22:50:10.023 -> 122,1.05908,-0.12952,0.18262,13.12256,-24.47510,-17.70020
22:50:10.023 -> 139,1.00769,-0.11060,0.15881,4.21143,-38.39111,-1.15967
22:50:10.069 -> 156,0.94836,-0.07532,0.19653,-6.10352,-48.76709,9.33838
22:50:10.069 -> 173,0.93030,-0.08813,0.14307,-10.92529,-50.29297,9.70459
22:50:10.116 -> 190,0.86145,-0.07776,0.18958,-10.13184,-46.08154,9.09424
22:50:10.116 -> 207,0.80603,0.00037,0.29199,-7.62939,-46.75293,14.77051
22:50:10.116 -> 224,0.71741,0.12720,0.33350,-12.81738,-54.62646,21.60645
22:50:10.163 -> 241,0.69385,0.13391,0.18176,-9.39941,-57.12891,6.77490
22:50:10.163 -> 258,0.76477,0.11304,0.17273,3.11279,-51.08643,-20.01953
22:50:10.163 -> 275,1.00061,0.18628,0.18237,32.53174,-34.97314,-26.48926
22:50:10.210 -> 292,1.08374,0.07825,0.30225,56.45752,-21.91162,-19.89746
22:50:10.210 -> 309,1.14270,0.08423,0.55273,49.13330,-28.32031,-20.01953
22:50:10.210 -> 326,1.42041,0.09521,0.60425,42.84668,-32.22656,-19.22607
22:50:10.258 -> 343,1.65454,0.00195,0.69128,29.60205,-32.34863,-11.84082
22:50:10.258 -> 360,1.85107,-0.06519,0.78442,18.98193,-30.88379,1.46484
22:50:10.306 -> 377,2.01208,-0.09424,0.86816,13.00049,-27.16064,22.27783
22:50:10.306 -> 394,2.05066,-0.22217,0.97900,7.93457,-16.41846,38.94043
22:50:10.306 -> 411,2.00720,-0.28381,1.06409,-3.17383,0.12207,46.69189
22:50:10.350 -> 428,1.86060,-0.33899,1.07312,-23.49854,21.85059,48.82813
22:50:10.350 -> 445,1.68860,-0.42847,0.87732,-28.62549,57.12891,41.62598
22:50:10.350 -> 462,1.56189,-0.51184,0.82776,-23.25439,90.27100,26.36719
22:50:10.397 -> 479,1.47168,-0.51953,0.79529,-19.59229,113.09814,20.44678
22:50:10.397 -> 496,1.30042,-0.57922,0.70105,-19.77539,121.03271,19.89746
22:50:10.397 -> 513,1.15796,-0.67883,0.48376,-17.76123,129.69971,15.93018
22:50:10.443 -> 530,1.03894,-0.76685,0.31116,-5.67627,143.43262,8.97217
22:50:10.443 -> 547,0.93457,-0.74597,0.22632,11.29150,147.82715,10.13184
22:50:10.489 -> 564,0.83618,-0.74377,0.19312,20.81299,138.67187,19.34814
22:50:10.489 -> 581,0.75964,-0.75818,0.09375,26.00098,125.00000,26.79443
22:50:10.489 -> 598,0.68030,-0.75037,-0.00989,38.87939,118.04199,30.57861
22:50:10.536 -> 615,0.58594,-0.72314,-0.05981,55.23682,116.76025,31.55518
22:50:10.536 -> 632,0.42810,-0.69629,-0.04749,64.39209,111.02295,26.79443
22:50:10.536 -> 649,0.42163,-0.56787,0.00378,69.51904,100.52490,34.48486
22:50:10.582 -> 666,0.31165,-0.45862,-0.06543,64.27002,83.49609,37.04834
22:50:10.582 -> 683,0.27039,-0.35571,-0.16504,67.13867,69.39697,36.74316
22:50:10.629 -> 700,0.17590,-0.32300,-0.19336,71.28906,63.59863,34.79004
22:50:10.629 -> 717,0.13281,-0.29529,-0.28137,79.34570,56.21338,26.55029
22:50:10.629 -> 734,0.09888,-0.25940,-0.32263,89.59961,53.71094,17.45605
22:50:10.676 -> 751,0.08887,-0.19788,-0.29761,96.92383,44.79980,10.86426
22:50:10.676 -> 768,0.08948,-0.17542,-0.33081,104.00391,32.65381,9.33838
22:50:10.676 -> 785,0.10229,-0.12769,-0.30347,109.19189,19.40918,9.70459
22:50:10.722 -> 802,0.09497,-0.09155,-0.27173,116.94336,10.55908,8.11768
22:50:10.722 -> 819,0.11292,-0.05298,-0.19617,119.07959,0.61035,6.40869
22:50:10.722 -> 836,0.14771,0.00330,-0.16699,120.78857,-8.85010,6.04248
22:50:10.769 -> 853,0.12183,0.01294,-0.14246,127.50244,-15.44189,0.36621
22:50:10.769 -> 870,0.08374,0.04102,-0.06152,135.07080,-23.62061,-6.89697
22:50:10.816 -> 887,0.07959,0.13281,0.02014,131.65283,-38.26904,-3.05176
22:50:10.816 -> 904,0.06750,0.20129,-0.00830,129.45557,-55.66406,4.69971
22:50:10.816 -> 921,0.04163,0.19800,-0.03125,130.00488,-67.81006,1.28174
22:50:10.862 -> 938,0.01428,0.16626,-0.01526,139.58740,-69.76318,-11.10840
22:50:10.862 -> 955,0.03357,0.15320,0.05225,156.86035,-70.31250,-29.54102
22:50:10.862 -> 972,0.10156,0.20837,0.28613,160.64453,-73.66943,-42.23633
22:50:10.909 -> 989,0.25330,0.40796,0.42798,142.15088,-88.56201,-29.72412
22:50:10.909 -> 1006,0.27917,0.39771,0.62891,124.51172,-120.84961,-9.58252
22:50:10.909 -> 1023,0.31946,0.30981,0.84888,96.74072,-156.00586,0.48828
22:50:10.956 -> 1040,0.48792,0.29419,1.03796,59.75342,-164.97803,27.09961
22:50:10.956 -> 1057,0.73755,0.64404,0.94482,35.15625,-148.07129,82.51953
22:50:11.003 -> 1074,0.72656,0.71509,0.67627,76.17188,-140.93018,110.10742
22:50:11.003 -> 1091,0.60571,0.76721,0.65784,102.05078,-141.96777,102.29492
22:50:11.003 -> 1108,0.47083,0.86719,0.97266,110.59570,-145.69092,67.19971
22:50:11.049 -> 1125,0.57300,0.89478,1.13477,102.96631,-144.22607,21.30127
22:50:11.049 -> 1142,0.83374,0.84180,1.23572,96.80176,-127.99072,-8.30078
22:50:11.049 -> 1159,0.93970,0.88135,1.21497,98.63281,-109.31396,-17.76123
22:50:11.095 -> 1176,0.87537,0.87964,1.34302,88.62305,-101.37939,-25.02441
22:50:11.095 -> 1193,0.77734,0.92261,1.38306,68.23730,-103.02734,-27.95410
22:50:11.095 -> 1210,0.65076,0.92249,1.33154,50.84229,-105.95703,-36.74316
22:50:11.142 -> 1227,0.65149,0.78271,1.32776,41.56494,-96.98486,-61.52344
22:50:11.142 -> 1244,0.69836,0.66345,1.40747,28.07617,-79.52881,-83.61816
22:50:11.190 -> 1261,0.66492,0.62183,1.41431,12.32910,-71.83838,-96.55762
22:50:11.190 -> 1278,0.58643,0.60840,1.27063,-0.18311,-65.79590,-106.50635
22:50:11.190 -> 1295,0.61682,0.43323,1.14441,-2.80762,-48.21777,-126.22070
22:50:11.237 -> 1312,0.70081,0.27759,1.23157,-5.49316,-26.48926,-143.79883
22:50:11.237 -> 1329,0.69727,0.20728,1.36304,-15.80811,-17.94434,-146.85059
22:50:11.237 -> 1346,0.70154,-0.09619,1.27490,-29.72412,-11.53564,-152.64893
22:50:11.284 -> 1363,0.75049,0.28979,1.38062,-26.91650,4.15039,-141.66260
22:50:11.284 -> 1380,0.83887,0.23682,1.41382,-75.01221,-28.50342,-114.68506
22:50:11.284 -> 1397,0.69287,-0.13110,1.29688,-63.90381,-6.40869,-97.65625
22:50:11.331 -> 1414,0.66284,-0.42236,1.41052,-79.28467,3.17383,-113.15918
22:50:11.331 -> 1431,0.59070,-0.10095,1.02551,-68.17627,23.80371,-103.63770
22:50:11.377 -> 1448,0.62463,-0.34045,1.36511,-79.89502,7.75146,-109.86328
22:50:11.377 -> 1465,0.64270,-0.35962,1.06030,-83.12988,2.13623,-96.00830
22:50:11.377 -> 1482,0.59192,-0.48682,1.04578,-70.00732,9.64355,-94.54346
22:50:11.424 -> 1499,0.63843,-0.58936,1.14478,-70.61768,11.90186,-104.00391
22:50:11.424 -> 1516,0.61890,-0.41760,1.04663,-61.76758,23.19336,-99.60938
22:50:11.424 -> 1533,0.64685,-0.54285,1.14172,-67.01660,16.41846,-98.32764
22:50:11.469 -> 1550,0.68262,-0.60254,1.07104,-70.55664,17.82227,-106.93359
22:50:11.469 -> 1567,0.81616,-0.58191,1.02466,-67.01660,34.05762,-109.31396
22:50:11.469 -> 1584,0.90527,-0.58813,1.02576,-68.17627,44.12842,-107.48291
22:50:11.516 -> EXIT,94
22:50:12.073 -> BEGIN,64470,17
22:50:12.073 -> 3,0.15601,0.01965,-0.22229,-6.28662,1.03760,-16.17432
22:50:12.073 -> 20,0.27344,0.00500,-0.22339,1.15967,0.54932,-39.00146
22:50:12.073 -> 37,0.44006,-0.00024,-0.15662,2.19727,-1.34277,-46.93604
22:50:12.120 -> 55,0.56421,0.00952,-0.17554,5.06592,-2.80762,-42.54150
22:50:12.120 -> 72,0.64075,-0.01697,-0.16162,8.66699,-6.34766,-40.40527
22:50:12.168 -> 90,0.76367,-0.00171,-0.08679,6.04248,-16.66260,-39.79492
22:50:12.168 -> 108,0.87329,0.00012,0.01624,2.31934,-31.55518,-33.75244
22:50:12.168 -> 125,0.97986,-0.05457,0.01086,4.02832,-37.41455,-26.18408
22:50:12.216 -> 142,1.00903,-0.04199,-0.00940,7.56836,-35.64453,-18.12744
22:50:12.216 -> 159,1.00098,-0.00110,0.05664,5.61523,-40.34424,-13.42773
22:50:12.216 -> 176,1.00720,0.00696,0.05798,6.16455,-42.84668,-15.62500
22:50:12.263 -> 193,1.03113,-0.03894,0.15161,5.00488,-42.96875,-21.05713
22:50:12.263 -> 210,1.06067,-0.02661,0.20325,2.19727,-42.48047,-27.34375
22:50:12.263 -> 227,1.08862,0.00171,0.22400,1.40381,-41.32080,-28.74756
22:50:12.310 -> 244,1.14246,0.06982,0.27295,7.26318,-40.58838,-30.39551
22:50:12.310 -> 261,1.20569,-0.04895,0.27454,17.45605,-35.70557,-39.36768
22:50:12.357 -> 278,1.30225,-0.07910,0.37598,9.09424,-25.26855,-39.24561
22:50:12.357 -> 295,1.43604,-0.03284,0.56873,19.53125,-24.84131,-31.49414
22:50:12.357 -> 312,1.57837,-0.08167,0.72620,16.23535,-26.79443,-16.78467
22:50:12.403 -> 329,1.84241,-0.26184,0.79028,8.30078,-8.23975,-5.37109
22:50:12.403 -> 346,2.15698,-0.44775,0.85901,0.36621,18.00537,-1.89209
22:50:12.403 -> 363,2.30627,-0.57751,0.88586,-7.50732,40.22217,13.00049
22:50:12.449 -> 380,2.24658,-0.61560,0.76208,-12.20703,54.99268,35.46143
22:50:12.449 -> 397,2.03784,-0.71533,0.62317,-13.36670,68.60352,51.63574
22:50:12.449 -> 414,1.77747,-0.84985,0.45581,-11.65771,87.58545,45.22705
22:50:12.494 -> 431,1.54016,-0.87231,0.39758,-9.21631,103.88184,30.70068
22:50:12.494 -> 448,1.34058,-0.81042,0.31860,-1.89209,113.40332,21.24023
22:50:12.541 -> 465,1.15271,-0.77722,0.25757,9.82666,117.85889,20.08057
22:50:12.541 -> 482,0.96375,-0.73853,0.17578,24.84131,118.46924,19.34814
22:50:12.541 -> 499,0.77380,-0.65894,0.14355,30.70068,109.98535,21.11816
22:50:12.587 -> 516,0.58740,-0.59180,0.03735,35.70557,95.21484,21.05713
22:50:12.587 -> 533,0.47559,-0.55737,-0.03650,46.87500,81.35986,10.31494
22:50:12.587 -> 550,0.40356,-0.51990,-0.15186,63.41553,79.40674,0.00000
22:50:12.634 -> 567,0.33862,-0.45752,-0.16931,76.78223,81.05469,-2.99072
22:50:12.634 -> 584,0.27234,-0.36938,-0.19824,88.62305,71.77734,1.22070
22:50:12.681 -> 601,0.24805,-0.33630,-0.20264,94.23828,57.43408,10.31494
22:50:12.681 -> 618,0.21582,-0.27832,-0.20715,94.97070,49.98779,13.12256
22:50:12.681 -> 635,0.17322,-0.23328,-0.26233,101.13525,39.30664,15.56396
22:50:12.728 -> 652,0.16626,-0.16846,-0.26367,102.78320,31.25000,20.87402
22:50:12.728 -> 669,0.18799,-0.16370,-0.28906,107.91016,26.36719,24.10889
22:50:12.728 -> 686,0.20203,-0.12195,-0.28687,113.95264,25.26855,28.44238
22:50:12.775 -> 703,0.18616,-0.10095,-0.24023,113.28125,16.23535,28.80859
22:50:12.775 -> 720,0.14978,-0.04565,-0.29321,109.80225,2.92969,28.01514
22:50:12.775 -> 737,0.15881,-0.04980,-0.28650,107.97119,-6.59180,26.06201
22:50:12.822 -> 754,0.18640,-0.00122,-0.27441,106.32324,-13.30566,26.73340
22:50:12.822 -> 771,0.16956,0.01733,-0.24646,108.82568,-20.20264,26.42822
22:50:12.822 -> 788,0.17700,0.04980,-0.18713,112.60986,-30.51758,20.62988
22:50:12.870 -> 805,0.20520,0.08862,-0.12183,110.29053,-42.35840,11.04736
22:50:12.870 -> 822,0.22607,0.12854,-0.09045,114.25781,-50.53711,5.06592
22:50:12.916 -> 839,0.23206,0.17151,-0.00745,115.78369,-56.64063,3.47900
22:50:12.916 -> 856,0.20032,0.20679,0.03601,117.43164,-62.07275,0.30518
22:50:12.916 -> 873,0.20630,0.19714,0.14880,113.83057,-68.96973,-11.16943
22:50:12.963 -> 890,0.25476,0.16650,0.22571,109.68018,-71.77734,-25.57373
22:50:12.963 -> 907,0.25903,0.22388,0.28381,110.90088,-73.79150,-28.32031
22:50:12.963 -> 924,0.25806,0.40601,0.32825,113.34229,-87.89063,-17.63916
22:50:13.009 -> 941,0.25598,0.47766,0.38782,109.61914,-109.43604,-12.45117
22:50:13.009 -> 958,0.26318,0.41296,0.47644,104.49219,-123.29102,-26.73340
22:50:13.009 -> 975,0.27380,0.35791,0.54248,95.15381,-120.60547,-38.75732
22:50:13.056 -> 992,0.42554,0.26782,0.57092,102.53906,-106.56738,-33.56934
22:50:13.056 -> 1009,0.45227,0.55896,0.67322,100.95215,-108.39844,-24.35303
22:50:13.102 -> 1026,0.43542,0.69714,0.89001,79.16260,-137.02393,-10.68115
22:50:13.102 -> 1043,0.53223,0.57764,0.98157,52.24609,-168.94531,-15.07568
22:50:13.102 -> 1060,0.65747,0.48755,0.92480,49.31641,-163.02490,-22.64404
22:50:13.149 -> 1077,0.73218,0.57935,0.93079,57.12891,-131.89697,-21.91162
22:50:13.149 -> 1094,0.68018,0.55469,1.02283,64.08691,-120.78857,-35.70557
22:50:13.149 -> 1111,0.71082,0.50439,1.13184,55.90820,-125.36621,-65.00244
22:50:13.196 -> 1128,0.81934,0.42798,1.18689,50.90332,-120.84961,-94.23828
22:50:13.196 -> 1145,0.95789,0.41125,1.27539,48.09570,-98.57178,-104.30908
22:50:13.196 -> 1162,1.00183,0.35266,1.41589,36.31592,-83.80127,-100.34180
22:50:13.242 -> 1179,1.00818,0.36182,1.46667,16.41846,-79.77295,-93.99414
22:50:13.242 -> 1196,1.00073,0.31909,1.53503,-2.80762,-76.41602,-97.04590
22:50:13.288 -> 1213,0.93884,0.23987,1.50903,-14.64844,-53.83301,-108.52051
22:50:13.288 -> 1230,0.89612,0.21741,1.64697,-33.08105,-27.46582,-114.92920
22:50:13.288 -> 1247,0.84631,0.18152,1.62488,-52.79541,-9.52148,-115.96680
22:50:13.335 -> 1264,0.72900,-0.10242,1.82678,-68.42041,13.06152,-162.96387
22:50:13.335 -> 1281,0.96606,0.13428,2.05884,-72.14355,49.62158,-148.25439
22:50:13.335 -> 1298,1.08398,0.02478,1.52441,-156.37207,0.06104,-111.87744
22:50:13.382 -> 1315,0.89807,-0.41748,1.26147,-113.22021,42.35840,-89.59961
22:50:13.382 -> 1332,0.85034,-0.20874,1.37952,-104.12598,47.30225,-85.14404
22:50:13.429 -> 1349,0.88977,-0.89417,1.49841,-119.62891,34.97314,-128.17383
22:50:13.429 -> 1366,1.01147,-0.34912,1.35034,-113.89160,57.73926,-111.20605
22:50:13.429 -> 1383,1.02747,-0.56909,1.35339,-120.48340,51.63574,-93.13965
22:50:13.476 -> 1400,1.04285,-0.59827,1.34473,-121.58203,50.59814,-85.02197
22:50:13.476 -> 1417,1.06018,-0.67737,1.18738,-107.72705,52.36816,-77.33154
22:50:13.476 -> 1434,1.10181,-0.76416,1.19629,-93.87207,66.46729,-55.66406
22:50:13.522 -> 1451,1.08911,-0.79529,1.20764,-101.25732,59.38721,-47.24121
22:50:13.522 -> 1468,1.11768,-0.79663,1.12280,-114.44092,51.57471,-45.47119
22:50:13.522 -> 1485,1.19824,-0.91504,0.90222,-113.09814,59.20410,-40.40527
22:50:13.569 -> 1502,1.20300,-0.92834,0.84912,-105.52979,67.07764,-44.79980
22:50:13.569 -> EXIT,89
