22:51:28.725 -> BEGIN,141135,30
22:51:28.725 -> 3,0.38037,-0.10876,0.40479,-15.19775,-35.21729,39.79492
22:51:28.725 -> 20,0.36755,-0.21179,0.36279,-18.24951,-32.16553,39.85596
22:51:28.772 -> 37,0.40601,-0.36340,0.42139,-14.46533,-31.18896,34.72900
22:51:28.772 -> 54,0.52380,-0.45850,0.37842,-3.78418,-26.36719,34.42383
22:51:28.772 -> 71,0.55579,-0.40137,0.34656,8.23975,-13.36670,41.74805
22:51:28.818 -> 88,0.64441,-0.39294,0.35291,19.04297,-8.23975,40.95459
22:51:28.818 -> 105,0.73706,-0.46521,0.40833,-3.47900,-7.20215,27.89307
22:51:28.866 -> 122,0.80212,-0.46069,0.49060,-22.21680,-9.94873,26.55029
22:51:28.866 -> 139,0.90857,-0.41528,0.30066,-22.33887,0.00000,37.29248
22:51:28.866 -> 156,0.94580,-0.45166,0.36548,-22.58301,8.60596,41.19873
22:51:28.914 -> 173,1.01208,-0.34302,0.42896,-11.84082,4.57764,46.14258
22:51:28.914 -> 190,1.06519,-0.21753,0.50061,4.02832,-9.39941,55.17578
22:51:28.914 -> 207,1.07153,-0.30481,0.44446,5.12695,-14.83154,53.46680
22:51:28.962 -> 224,1.11743,-0.27258,0.46655,4.51660,-18.06641,48.52295
22:51:28.962 -> 241,1.11768,-0.26624,0.47205,2.44141,-9.21631,50.23193
22:51:28.962 -> 258,1.04272,-0.36011,0.39099,-1.64795,3.60107,42.96875
22:51:29.010 -> 275,0.91150,-0.40894,0.27942,0.85449,19.10400,33.69141
22:51:29.010 -> 292,0.92261,-0.35718,0.36194,6.89697,24.47510,32.10449
22:51:29.010 -> 309,0.90369,-0.49524,0.31702,2.80762,24.23096,27.89307
22:51:29.058 -> 326,0.93579,-0.61255,0.22156,-2.19727,24.04785,21.54541
22:51:29.058 -> 343,0.96533,-0.67749,0.12476,0.67139,29.41895,23.43750
22:51:29.058 -> 360,0.94995,-0.71045,0.11584,5.73730,29.96826,30.63965
22:51:29.105 -> 377,0.89697,-0.76733,0.03687,12.02393,25.45166,36.98730
22:51:29.105 -> 394,0.87952,-0.81250,-0.00452,20.93506,16.41846,36.13281
22:51:29.153 -> 411,0.87634,-0.79651,0.03174,26.85547,7.08008,32.89795
22:51:29.153 -> 428,0.92273,-0.75427,0.03125,44.00635,8.97217,37.84180
22:51:29.153 -> 445,0.89636,-0.72827,0.16113,61.40137,8.66699,44.98291
22:51:29.200 -> 462,0.84631,-0.68774,0.24951,73.73047,6.89697,48.52295
22:51:29.200 -> 479,0.79846,-0.61816,0.27820,80.50537,9.33838,43.88428
22:51:29.200 -> 496,0.80688,-0.54712,0.29883,87.82959,18.37158,38.57422
22:51:29.247 -> 513,0.88733,-0.53271,0.34900,95.03174,26.06201,36.37695
22:51:29.247 -> 530,0.92041,-0.54297,0.38635,104.85840,28.44238,32.40967
22:51:29.247 -> 547,0.98059,-0.51233,0.47217,109.86328,20.93506,34.97314
22:51:29.294 -> 564,1.01282,-0.52026,0.49536,109.61914,12.39014,41.87012
22:51:29.294 -> 581,1.01733,-0.51807,0.46155,111.99951,11.53564,49.07227
22:51:29.342 -> 598,1.00037,-0.52527,0.48669,110.90088,12.39014,52.55127
22:51:29.342 -> 615,0.93445,-0.51880,0.55164,103.57666,9.88770,57.49512
22:51:29.342 -> 632,0.88208,-0.50977,0.48730,104.06494,7.93457,59.99756
22:51:29.390 -> 649,0.82654,-0.50684,0.45569,118.10303,12.87842,58.41064
22:51:29.390 -> 666,0.78577,-0.45471,0.57581,126.15967,13.18359,58.65479
22:51:29.390 -> 683,0.74146,-0.41516,0.63416,123.16895,7.08008,60.42480
22:51:29.437 -> 700,0.68921,-0.38782,0.63452,126.15967,4.02832,63.35449
22:51:29.437 -> EXIT,42
22:51:30.524 -> BEGIN,142951,31
22:51:30.524 -> 3,1.02417,-0.23315,0.54333,-37.10938,-10.43701,-45.41016
22:51:30.571 -> 20,1.08105,-0.26697,0.50073,-42.54150,1.83105,-57.49512
22:51:30.571 -> 37,1.10205,-0.20679,0.57336,-49.98779,4.69971,-56.03027
22:51:30.571 -> 54,1.03967,-0.19836,0.60974,-57.18994,-1.64795,-44.18945
22:51:30.618 -> 72,0.97681,-0.28125,0.52771,-61.15723,-6.77490,-37.78076
22:51:30.618 -> 89,0.92200,-0.31995,0.39160,-64.02588,-4.45557,-41.13770
22:51:30.664 -> 106,0.88208,-0.27539,0.32007,-68.78662,-2.86865,-48.88916
22:51:30.664 -> 123,0.87524,-0.33643,0.26758,-67.32178,-3.17383,-62.56104
22:51:30.664 -> 140,0.89209,-0.39722,0.28284,-59.44824,-1.09863,-72.99805
22:51:30.710 -> 157,0.92920,-0.42676,0.16504,-37.47559,10.92529,-71.96045
22:51:30.710 -> 174,0.96643,-0.31323,0.27258,-23.62061,20.20264,-61.03516
22:51:30.710 -> 191,0.90112,-0.40051,0.39856,-28.25928,10.49805,-56.64063
22:51:30.758 -> 208,0.90332,-0.41968,0.33569,-26.67236,0.00000,-55.29785
22:51:30.758 -> 225,0.96924,-0.33081,0.21533,-3.23486,2.25830,-40.46631
22:51:30.758 -> 242,1.01465,-0.29724,0.32324,17.02881,-2.25830,-24.29199
22:51:30.804 -> 259,1.01892,-0.34790,0.37793,21.17920,-12.02393,-20.50781
22:51:30.804 -> 276,0.94629,-0.36462,0.34692,15.25879,-25.26855,-8.48389
22:51:30.850 -> 293,0.94409,-0.45801,0.33826,6.34766,-30.09033,-0.54932
22:51:30.850 -> 310,0.95801,-0.56531,0.16101,9.09424,-13.36670,5.55420
22:51:30.850 -> 327,0.98999,-0.66016,0.22644,11.23047,7.99561,8.11768
22:51:30.896 -> 344,1.02893,-0.69043,0.23621,5.37109,22.27783,10.80322
22:51:30.896 -> 361,1.00952,-0.69812,0.26025,7.99561,25.39063,16.29639
22:51:30.896 -> 378,0.99707,-0.71826,0.24060,10.13184,22.27783,24.65820
22:51:30.944 -> 395,0.97559,-0.78894,0.14050,17.45605,24.96338,28.07617
22:51:30.944 -> 412,0.91187,-0.84595,0.06665,31.98242,29.05273,24.90234
22:51:30.944 -> 429,0.87573,-0.78918,0.13208,37.29248,25.51270,24.65820
22:51:30.990 -> 446,0.85291,-0.80261,0.07556,47.66846,22.21680,24.90234
22:51:30.990 -> 463,0.84070,-0.80542,0.11060,57.06787,21.48438,21.36230
22:51:31.037 -> 480,0.83496,-0.74475,0.16626,69.33594,19.34814,25.02441
22:51:31.037 -> 497,0.80371,-0.69446,0.24817,80.99365,11.47461,29.29688
22:51:31.037 -> 514,0.80127,-0.68896,0.29395,87.03613,5.12695,27.70996
22:51:31.083 -> 531,0.79248,-0.59912,0.30676,93.62793,2.38037,27.40479
22:51:31.083 -> 548,0.81897,-0.55249,0.48450,100.58594,-1.77002,34.05762
22:51:31.083 -> 565,0.80322,-0.49121,0.51868,102.23389,-11.77979,40.89355
22:51:31.130 -> 582,0.77344,-0.41943,0.53247,107.97119,-14.58740,47.05811
22:51:31.130 -> 599,0.73987,-0.35327,0.59131,111.32813,-20.01953,52.12402
22:51:31.130 -> 616,0.72852,-0.32141,0.59045,115.11230,-20.69092,55.17578
22:51:31.177 -> 633,0.72632,-0.30664,0.62854,114.37988,-20.01953,54.13818
22:51:31.177 -> 650,0.71960,-0.24719,0.69238,113.09814,-19.22607,54.01611
22:51:31.225 -> 667,0.68616,-0.16479,0.68347,112.54883,-16.54053,55.35889
22:51:31.225 -> 685,0.66956,-0.11597,0.71814,111.26709,-17.51709,55.84717
22:51:31.225 -> 702,0.67053,-0.13342,0.68286,110.16846,-16.41846,50.23193
22:51:31.273 -> 719,0.68506,-0.10681,0.71594,105.46875,-12.87842,43.76221
22:51:31.273 -> EXIT,43
22:51:32.443 -> BEGIN,144856,32
22:51:32.443 -> 3,1.12427,-0.35815,0.20752,-58.77686,31.61621,-80.26123
22:51:32.443 -> 20,1.06177,-0.34924,0.18103,-51.81885,33.14209,-67.99316
22:51:32.490 -> 37,0.98047,-0.58618,0.29297,-44.98291,29.54102,-67.19971
22:51:32.490 -> 54,0.93811,-0.30505,-0.16370,-35.15625,28.99170,-62.80518
22:51:32.537 -> 72,0.78247,-0.50208,-0.08643,-22.39990,29.78516,-67.44385
22:51:32.537 -> 89,0.73096,-0.37122,0.04553,-19.04297,4.45557,-59.63135
22:51:32.537 -> 106,0.72192,-0.24146,0.29712,-6.77490,-43.64014,-37.59766
22:51:32.583 -> 123,0.60718,-0.28943,0.21777,-2.25830,-72.02148,-32.22656
22:51:32.583 -> 140,0.61499,-0.66553,-0.01221,0.36621,-56.88477,-74.70703
22:51:32.583 -> 157,0.84143,-0.66516,0.15833,11.41357,-22.88818,-100.15869
22:51:32.630 -> 174,1.03760,-0.49731,0.49097,24.65820,-3.90625,-70.49561
22:51:32.630 -> 191,1.09729,-0.37585,0.58459,33.32520,-6.16455,-21.54541
22:51:32.630 -> 208,0.90112,-0.48999,0.60193,25.20752,-15.62500,1.09863
22:51:32.676 -> 225,0.85022,-0.53723,0.51343,18.49365,-27.89307,-3.84521
22:51:32.676 -> 242,0.86646,-0.58435,0.29150,11.35254,-18.18848,-11.10840
22:51:32.723 -> 259,0.93152,-0.60535,0.09497,20.44678,5.73730,-2.38037
22:51:32.723 -> 276,1.03918,-0.59119,0.17175,43.70117,23.49854,16.29639
22:51:32.723 -> 293,1.04724,-0.65637,0.33093,27.22168,18.37158,29.78516
22:51:32.769 -> 310,1.02063,-0.68115,0.28857,4.63867,9.64355,45.04395
22:51:32.769 -> 327,0.96191,-0.73132,0.17688,-11.47461,1.09863,45.53223
22:51:32.769 -> 344,0.87805,-0.78528,0.12695,-15.56396,0.12207,41.01563
22:51:32.814 -> 361,0.88354,-0.79517,0.03857,-18.18848,6.04248,32.53174
22:51:32.814 -> 378,0.90491,-0.83496,-0.04053,-6.53076,16.23535,29.29688
22:51:32.814 -> 395,0.89392,-0.83545,-0.08826,15.80811,27.77100,30.70068
22:51:32.861 -> 412,0.85522,-0.74512,0.03491,25.02441,29.72412,38.08594
22:51:32.861 -> 429,0.81409,-0.72522,0.13220,22.88818,11.04736,46.08154
22:51:32.907 -> 446,0.79626,-0.77795,0.02490,26.36719,3.54004,47.85156
22:51:32.907 -> 463,0.77942,-0.76172,-0.00232,36.62109,5.43213,45.10498
22:51:32.907 -> 480,0.77759,-0.70557,0.11401,46.93604,2.80762,44.06738
22:51:32.953 -> 497,0.79333,-0.58496,0.13892,57.37305,-1.28174,54.13818
22:51:32.953 -> 514,0.79504,-0.60193,0.22192,60.48584,-10.13184,54.19922
22:51:32.953 -> 531,0.75989,-0.56177,0.20068,75.01221,-13.97705,50.65918
22:51:33.000 -> 548,0.72705,-0.51575,0.28101,84.83887,-14.64844,47.54639
22:51:33.000 -> 565,0.72791,-0.43384,0.37317,90.02686,-16.35742,51.63574
22:51:33.047 -> 582,0.72217,-0.39941,0.42273,89.84375,-25.51270,55.66406
22:51:33.047 -> 599,0.74634,-0.40308,0.41406,90.75928,-28.01514,53.58887
22:51:33.047 -> 616,0.78235,-0.37878,0.43970,94.48242,-23.01025,52.67334
22:51:33.094 -> 633,0.75061,-0.28967,0.53711,96.86279,-24.23096,56.76270
22:51:33.094 -> 650,0.75012,-0.26697,0.55054,98.02246,-27.34375,57.92236
22:51:33.094 -> 667,0.76038,-0.27148,0.55786,103.63770,-24.59717,53.28369
22:51:33.140 -> 684,0.74878,-0.25488,0.56531,107.91016,-18.49365,47.72949
22:51:33.140 -> 701,0.74548,-0.21216,0.63220,109.80225,-14.03809,45.77637
22:51:33.140 -> 718,0.74146,-0.16809,0.67468,103.75977,-18.12744,49.19434
22:51:33.187 -> 735,0.76038,-0.08606,0.72778,100.21973,-23.62061,53.28369
22:51:33.187 -> 752,0.74707,-0.10461,0.69067,95.09277,-34.24072,62.37793
22:51:33.234 -> 769,0.70898,-0.12378,0.65771,95.03174,-40.89355,67.13867
22:51:33.234 -> 786,0.68250,-0.09326,0.71375,90.88135,-43.88428,73.91357
22:51:33.234 -> 803,0.63025,-0.04846,0.74475,81.48193,-49.01123,83.00781
22:51:33.280 -> EXIT,48
22:51:34.498 -> BEGIN,146905,33
22:51:34.498 -> 3,0.87646,-0.60571,0.31946,-25.20752,-2.92969,-75.07324
22:51:34.498 -> 20,0.88867,-0.43237,0.23975,-23.13232,2.62451,-61.15723
22:51:34.545 -> 37,1.02075,-0.53613,0.26367,-28.38135,6.95801,-33.87451
22:51:34.545 -> 54,0.96008,-0.56946,0.40100,-34.17969,-13.00049,-13.61084
22:51:34.545 -> 71,0.95862,-0.63403,0.33020,-31.06689,-35.33936,-2.62451
22:51:34.592 -> 89,0.98132,-0.64233,0.23267,-34.11865,-41.25977,-1.09863
22:51:34.592 -> 106,0.96252,-0.62671,0.24133,-42.90771,-37.10938,-0.30518
22:51:34.592 -> 124,0.89600,-0.59924,0.30200,-51.69678,-35.88867,2.99072
22:51:34.639 -> 141,0.92114,-0.66052,0.29370,-52.55127,-31.49414,1.28174
22:51:34.639 -> 158,0.91309,-0.62280,0.07190,-39.61182,-14.09912,-14.16016
22:51:34.686 -> 175,0.90833,-0.57532,0.22241,-42.72461,2.92969,-23.98682
22:51:34.686 -> 192,0.88501,-0.54517,0.26196,-44.86084,4.57764,-23.07129
22:51:34.686 -> 210,0.95667,-0.56335,0.10291,-21.97266,12.08496,-17.27295
22:51:34.733 -> 227,1.00171,-0.57764,0.16003,-8.11768,23.80371,-0.18311
22:51:34.733 -> 244,0.96729,-0.61511,0.26697,-18.85986,18.37158,14.58740
22:51:34.733 -> 261,0.89246,-0.67957,0.13379,-20.50781,11.90186,14.83154
22:51:34.780 -> 278,0.87463,-0.72546,0.08521,-13.00049,13.67187,14.70947
22:51:34.780 -> 295,0.89026,-0.80676,-0.05676,4.02832,21.30127,9.52148
22:51:34.780 -> 312,0.94507,-0.77002,-0.00964,20.08057,26.73340,8.97217
22:51:34.827 -> 329,0.95227,-0.76685,-0.01929,29.11377,24.78027,16.35742
22:51:34.827 -> 346,0.91907,-0.78113,-0.00208,32.10449,21.42334,19.10400
22:51:34.874 -> 363,0.90710,-0.79749,0.01440,26.42822,12.39014,20.75195
22:51:34.874 -> 380,0.90808,-0.83899,-0.05542,28.13721,8.11768,19.95850
22:51:34.874 -> 397,0.91577,-0.82092,-0.02515,34.79004,5.18799,21.11816
22:51:34.920 -> 414,0.89819,-0.76208,0.03052,44.98291,0.67139,30.21240
22:51:34.920 -> 431,0.84375,-0.74695,0.04565,49.25537,-6.22559,40.16113
22:51:34.920 -> 448,0.83252,-0.75781,0.21692,53.28369,-12.51221,45.83740
22:51:34.968 -> 465,0.81384,-0.71277,0.19727,51.20850,-22.64404,47.11914
22:51:34.968 -> 482,0.81848,-0.68262,0.22412,57.12891,-22.58301,50.59814
22:51:34.968 -> 499,0.82007,-0.50842,0.05713,75.92773,-13.79395,60.30273
22:51:35.014 -> 516,0.79639,-0.52588,0.36047,68.78662,-22.58301,63.84277
22:51:35.014 -> 533,0.76099,-0.51843,0.34155,69.21387,-26.24512,62.37793
22:51:35.061 -> 550,0.75415,-0.49988,0.37488,67.56592,-25.14648,59.08203
22:51:35.061 -> 567,0.74963,-0.43311,0.39783,71.71631,-23.92578,57.61719
22:51:35.061 -> 584,0.74573,-0.39429,0.42065,78.24707,-24.29199,61.34033
22:51:35.108 -> 601,0.73120,-0.38000,0.44482,84.41162,-21.54541,62.74414
22:51:35.108 -> 618,0.73462,-0.33374,0.51648,85.38818,-20.56885,60.72998
22:51:35.108 -> 635,0.73047,-0.28809,0.61096,80.93262,-27.34375,59.50928
22:51:35.154 -> 652,0.71216,-0.28857,0.54687,79.34570,-27.46582,57.86133
22:51:35.154 -> 669,0.70642,-0.32458,0.48315,89.41650,-13.54980,50.65918
22:51:35.154 -> 686,0.72803,-0.28369,0.60510,94.97070,-3.72314,44.43359
22:51:35.201 -> 703,0.76001,-0.21753,0.72668,92.77344,-5.43213,42.48047
22:51:35.201 -> 720,0.75854,-0.16138,0.71692,85.69336,-8.11768,44.61670
22:51:35.247 -> 737,0.74048,-0.16150,0.71021,82.94678,-8.60596,46.44775
22:51:35.247 -> 754,0.76050,-0.17810,0.68152,76.66016,-9.58252,48.58398
22:51:35.247 -> 771,0.77417,-0.17090,0.67834,68.78662,-12.39014,51.69678
22:51:35.294 -> 788,0.72034,-0.14307,0.62585,61.40137,-19.83643,56.76270
22:51:35.294 -> EXIT,47
22:51:36.745 -> BEGIN,149169,34
22:51:36.745 -> 3,0.93652,-0.60876,0.25793,-65.24658,-2.07520,-45.47119
22:51:36.792 -> 20,0.90552,-0.55615,0.02771,-40.83252,1.46484,-29.29688
22:51:36.792 -> 37,0.89697,-0.49121,0.03125,-30.33447,3.35693,-23.25439
22:51:36.792 -> 54,0.91003,-0.50989,0.09924,-23.19336,0.42725,-13.42773
22:51:36.838 -> 71,0.89917,-0.55847,0.03174,-20.08057,-2.25830,-12.08496
22:51:36.838 -> 88,0.90198,-0.56763,-0.02185,-15.07568,0.24414,-14.95361
22:51:36.838 -> 105,0.90649,-0.58679,-0.01599,2.31934,-0.06104,-17.88330
22:51:36.884 -> 123,0.94373,-0.55664,0.03552,28.01514,-7.44629,-16.96777
22:51:36.884 -> 140,0.98401,-0.51538,0.16052,24.53613,-18.92090,-5.79834
22:51:36.930 -> 157,1.01111,-0.53125,0.12915,19.10400,-27.28271,3.72314
22:51:36.930 -> 174,1.00769,-0.54968,0.12122,16.72363,-28.80859,9.70459
22:51:36.930 -> 191,1.01721,-0.53723,0.18372,17.63916,-26.91650,21.36230
22:51:36.976 -> 208,0.98706,-0.57910,0.19458,21.97266,-27.09961,27.16064
22:51:36.976 -> 225,0.94568,-0.56165,0.20984,22.76611,-28.38135,29.17480
22:51:36.976 -> 242,0.90625,-0.56763,0.18054,24.04785,-27.46582,29.29688
22:51:37.023 -> 259,0.91772,-0.57349,0.11877,33.93555,-16.78467,28.50342
22:51:37.023 -> 276,0.98010,-0.51013,0.10693,57.67822,3.35693,32.95898
22:51:37.069 -> 293,0.91064,-0.53430,0.23938,43.70117,-7.26318,33.81348
22:51:37.069 -> 310,0.86340,-0.57275,0.15039,45.95947,-9.09424,30.15137
22:51:37.069 -> 327,0.85828,-0.58325,0.17346,50.41504,-4.51660,25.14648
22:51:37.116 -> 344,0.89441,-0.59082,0.20496,54.26025,-1.52588,20.20264
22:51:37.116 -> 361,0.89954,-0.54675,0.23804,55.90820,-2.50244,25.39063
22:51:37.116 -> 378,0.89380,-0.54883,0.26953,57.12891,-7.75146,35.21729
22:51:37.162 -> 395,0.88342,-0.57056,0.24731,58.95996,-11.10840,41.13770
22:51:37.162 -> 412,0.86304,-0.58801,0.22571,65.24658,-11.47461,43.45703
22:51:37.162 -> 429,0.84534,-0.56213,0.23071,71.77734,-10.19287,46.69189
22:51:37.208 -> 446,0.83167,-0.55103,0.28418,70.98389,-13.00049,50.23193
22:51:37.208 -> 463,0.79834,-0.53149,0.29102,68.17627,-15.93018,50.47607
22:51:37.256 -> 480,0.79346,-0.50708,0.26306,70.00732,-19.10400,51.94092
22:51:37.256 -> 497,0.78748,-0.48437,0.26941,82.45850,-18.49365,53.52783
22:51:37.256 -> 514,0.78662,-0.42004,0.38049,89.84375,-22.88818,59.38721
22:51:37.301 -> 531,0.78955,-0.37097,0.44910,87.70752,-33.69141,66.28418
22:51:37.301 -> 548,0.78992,-0.35962,0.45801,83.98438,-39.18457,70.06836
22:51:37.301 -> 565,0.74927,-0.35095,0.42346,89.53857,-33.69141,66.16211
22:51:37.348 -> 582,0.72119,-0.32190,0.51318,96.86279,-25.02441,55.41992
22:51:37.348 -> 599,0.73828,-0.19165,0.57825,97.90039,-18.43262,53.71094
22:51:37.348 -> 616,0.79065,-0.10803,0.75977,86.79199,-27.34375,63.23242
22:51:37.395 -> 633,0.78931,-0.10706,0.73657,72.38770,-37.84180,70.25146
22:51:37.395 -> 650,0.77527,-0.11877,0.65259,66.71143,-37.04834,71.89941
22:51:37.442 -> 667,0.75549,-0.11316,0.60034,66.65039,-27.83203,71.04492
22:51:37.442 -> 684,0.72009,-0.09924,0.59106,65.79590,-20.32471,67.32178
22:51:37.442 -> 701,0.69226,-0.09106,0.57812,66.40625,-15.68604,62.56104
22:51:37.490 -> 718,0.67871,-0.08594,0.55603,67.68799,-10.49805,55.29785
22:51:37.490 -> EXIT,43
22:51:38.795 -> BEGIN,151213,35
22:51:38.795 -> 3,0.92737,-0.53015,0.28784,-24.96338,26.18408,-57.43408
22:51:38.842 -> 20,0.88794,-0.47290,0.32178,-24.23096,18.55469,-44.43359
22:51:38.842 -> 37,0.85901,-0.42236,0.32703,-24.78027,7.44629,-25.39063
22:51:38.842 -> 54,0.83081,-0.46924,0.26379,-25.20752,-2.92969,-12.69531
22:51:38.889 -> 71,0.86450,-0.50830,0.19055,-27.70996,-0.18311,-4.69971
22:51:38.889 -> 88,0.92981,-0.49976,0.21301,-34.24072,6.34766,11.84082
22:51:38.889 -> 105,0.89966,-0.53137,0.18726,-31.92139,4.94385,23.31543
22:51:38.936 -> 122,0.90808,-0.48718,0.15088,-24.59717,2.01416,25.69580
22:51:38.936 -> 139,0.88892,-0.49011,0.18579,-13.18359,-7.81250,24.16992
22:51:38.936 -> 156,0.86584,-0.46936,0.23096,-14.77051,-22.46094,22.82715
22:51:38.981 -> 173,0.85046,-0.49402,0.14905,-7.38525,-28.01514,20.32471
22:51:38.981 -> 190,0.83435,-0.51672,0.11829,3.66211,-25.26855,16.17432
22:51:39.029 -> 207,0.85291,-0.51514,0.11694,12.45117,-24.04785,8.30078
22:51:39.029 -> 224,0.85583,-0.46545,0.18005,22.76611,-25.20752,4.82178
22:51:39.029 -> 241,0.83508,-0.50940,0.25134,32.53174,-34.17969,8.23975
22:51:39.076 -> 258,0.90100,-0.51074,0.31372,39.61182,-38.33008,18.37158
22:51:39.076 -> 275,0.93250,-0.62244,0.23828,30.39551,-35.64453,26.85547
22:51:39.076 -> 292,0.90784,-0.63953,0.23865,23.13232,-28.99170,28.56445
22:51:39.122 -> 309,0.89734,-0.59741,0.23914,16.11328,-26.91650,26.42822
22:51:39.122 -> 326,0.93616,-0.62537,0.15198,9.52148,-24.90234,18.37158
22:51:39.122 -> 343,0.98413,-0.68188,-0.00439,14.28223,-10.62012,4.69971
22:51:39.168 -> 360,1.02722,-0.70703,-0.06763,23.92578,9.03320,-5.61523
22:51:39.168 -> 377,1.08386,-0.65442,-0.03040,37.71973,22.46094,-3.54004
22:51:39.215 -> 394,1.08276,-0.62537,0.02917,48.76709,17.51709,5.06592
22:51:39.215 -> 411,1.05908,-0.62708,0.07153,55.66406,4.82178,11.77979
22:51:39.215 -> 428,1.05286,-0.63513,0.06653,56.39648,-1.77002,13.06152
22:51:39.260 -> 445,1.02734,-0.60767,0.07214,63.29346,-0.67139,16.05225
22:51:39.260 -> 462,1.00134,-0.60071,0.11743,71.04492,2.74658,18.18848
22:51:39.260 -> 479,1.03113,-0.60388,0.16687,76.17188,3.11279,19.34814
22:51:39.306 -> 496,0.98364,-0.55994,0.23035,87.40234,7.32422,25.45166
22:51:39.306 -> 513,0.97095,-0.52673,0.24438,93.81104,7.38525,31.18896
22:51:39.306 -> 530,0.94202,-0.44629,0.40967,85.44922,-15.01465,42.17529
22:51:39.352 -> 547,0.87781,-0.42542,0.34460,85.51025,-28.74756,51.39160
22:51:39.352 -> 564,0.77734,-0.36047,0.36243,91.67480,-29.84619,56.76270
22:51:39.399 -> 581,0.71936,-0.34155,0.44714,93.62793,-29.41895,54.56543
22:51:39.399 -> 598,0.70630,-0.35083,0.49829,91.12549,-28.32031,48.95020
22:51:39.399 -> 615,0.72009,-0.32153,0.51599,89.59961,-24.78027,43.51807
22:51:39.446 -> 632,0.73962,-0.27197,0.50415,93.62793,-19.28711,42.96875
22:51:39.446 -> 649,0.75513,-0.26489,0.54492,94.11621,-16.60156,41.80908
22:51:39.446 -> 666,0.75964,-0.27380,0.53711,89.11133,-12.20703,37.17041
22:51:39.492 -> 683,0.76526,-0.27454,0.52576,84.89990,-9.46045,30.63965
22:51:39.492 -> 700,0.77612,-0.25098,0.45728,88.13477,-3.84521,30.09033
22:51:39.538 -> 717,0.79700,-0.25574,0.50793,91.49170,-1.64795,33.14209
22:51:39.538 -> EXIT,43
22:51:40.893 -> BEGIN,153296,36
22:51:40.893 -> 3,0.69165,-0.11316,0.31091,-26.73340,-60.60791,-49.13330
22:51:40.893 -> 20,0.86450,-0.36157,0.34460,-30.33447,-81.23779,-67.87109
22:51:40.940 -> 37,1.04736,-0.48999,0.39661,-42.84668,-84.59473,-89.17236
22:51:40.940 -> 54,1.18616,-0.47717,0.42688,-39.48975,-68.90869,-80.50537
22:51:40.940 -> 71,1.19360,-0.38965,0.41956,-26.00098,-37.84180,-45.53223
22:51:40.987 -> 88,1.07837,-0.33728,0.44104,-17.70020,-20.81299,-18.79883
22:51:40.987 -> 105,0.93091,-0.38379,0.56128,-29.35791,-21.54541,-10.80322
22:51:40.987 -> 122,0.83081,-0.49377,0.53528,-42.11426,-23.98682,-17.51709
22:51:41.033 -> 139,0.77197,-0.57166,0.30127,-36.13281,-13.36670,-28.56445
22:51:41.033 -> 156,0.77380,-0.47534,-0.02466,-16.29639,17.15088,-27.40479
22:51:41.033 -> 173,0.79248,-0.47742,0.21667,0.00000,23.37646,-27.09961
22:51:41.081 -> 190,0.81348,-0.50342,0.27405,-4.76074,7.81250,-32.04346
22:51:41.081 -> 207,0.78699,-0.57751,0.16821,-4.94385,-5.49316,-32.40967
22:51:41.128 -> 224,0.82471,-0.62805,0.07935,3.35693,-7.62939,-26.30615
22:51:41.128 -> 241,0.89062,-0.64392,0.11365,13.91602,-7.50732,-12.20703
22:51:41.128 -> 258,0.92029,-0.65698,0.21582,16.54053,-15.25879,-0.61035
22:51:41.175 -> 275,0.88037,-0.68848,0.23022,5.18799,-23.13232,9.09424
22:51:41.175 -> 292,0.86011,-0.67639,0.16736,-4.88281,-22.27783,21.78955
22:51:41.175 -> 309,0.85718,-0.72742,0.10974,7.81250,-13.18359,28.86963
22:51:41.223 -> 326,0.86499,-0.71802,0.03552,34.48486,-2.13623,27.16064
22:51:41.223 -> 343,0.88782,-0.67029,0.19446,43.21289,-0.12207,28.68652
22:51:41.223 -> 360,0.87036,-0.64966,0.18225,50.59814,-0.36621,29.11377
22:51:41.271 -> 377,0.85986,-0.67371,0.23206,53.03955,1.52588,27.34375
22:51:41.271 -> 394,0.87134,-0.66089,0.25342,51.94092,3.54004,28.44238
22:51:41.271 -> 411,0.86133,-0.64172,0.34351,45.77637,3.72314,34.48486
22:51:41.318 -> 428,0.83655,-0.63684,0.33411,38.26904,3.23486,36.80420
22:51:41.318 -> 445,0.82544,-0.61255,0.30200,40.46631,8.23975,35.21729
22:51:41.366 -> 462,0.83679,-0.58167,0.35632,44.43359,11.77979,34.85107
22:51:41.366 -> 479,0.83240,-0.57361,0.36121,48.27881,12.02393,37.35352
22:51:41.366 -> 496,0.79346,-0.58667,0.32971,52.36816,11.23047,33.63037
22:51:41.412 -> 513,0.75281,-0.57251,0.28076,59.20410,12.75635,29.17480
22:51:41.412 -> 530,0.73755,-0.48340,0.21960,73.66943,13.12256,26.18408
22:51:41.412 -> 547,0.83606,-0.48694,0.44434,83.80127,8.05664,35.52246
22:51:41.459 -> 564,0.86621,-0.45776,0.49524,80.13916,-9.82666,47.24121
22:51:41.459 -> 581,0.83911,-0.42944,0.41272,85.63232,-18.18848,57.61719
22:51:41.459 -> 598,0.83069,-0.40125,0.46265,88.68408,-23.68164,63.59863
22:51:41.507 -> 615,0.83398,-0.39587,0.48145,91.00342,-23.74268,66.22314
22:51:41.507 -> 632,0.84229,-0.35181,0.53162,92.65137,-21.30127,66.95557
22:51:41.553 -> 649,0.81824,-0.33630,0.57861,90.02686,-21.42334,68.66455
22:51:41.553 -> 666,0.75732,-0.32288,0.56140,89.47754,-19.28711,68.96973
22:51:41.553 -> 683,0.74963,-0.28320,0.52698,93.81104,-16.17432,67.38281
22:51:41.599 -> 700,0.77039,-0.26099,0.57812,98.81592,-13.97705,66.89453
22:51:41.599 -> 717,0.79053,-0.25476,0.64941,97.47314,-15.80811,66.83350
22:51:41.599 -> 734,0.76172,-0.16064,0.66882,92.28516,-20.20264,72.69287
22:51:41.646 -> 751,0.67896,-0.10059,0.74219,89.05029,-29.90723,80.44434
22:51:41.646 -> 768,0.61780,-0.06604,0.72534,85.81543,-35.64453,81.60400
22:51:41.646 -> 785,0.60645,-0.11475,0.67944,85.32715,-32.22656,75.56152
22:51:41.692 -> 802,0.65454,-0.13013,0.65796,85.26611,-18.49365,59.14307
22:51:41.692 -> 819,0.68835,-0.06348,0.72180,80.32227,-12.14600,50.90332
22:51:41.740 -> 836,0.71082,-0.01807,0.69006,77.20947,-12.81738,52.42920
22:51:41.740 -> 853,0.73413,-0.03369,0.68005,74.46289,-15.31982,57.55615
22:51:41.740 -> 870,0.77319,-0.02588,0.70886,68.05420,-23.01025,62.37793
22:51:41.787 -> 887,0.80884,-0.02820,0.69128,60.97412,-30.21240,66.46729
22:51:41.787 -> 904,0.81323,-0.03284,0.63867,58.89893,-27.77100,69.94629
22:51:41.787 -> EXIT,54
22:51:43.007 -> BEGIN,155406,37
22:51:43.007 -> 3,0.87280,-0.50256,0.43750,-29.90723,0.30518,-7.38525
22:51:43.007 -> 20,0.88086,-0.51428,0.36902,-28.99170,9.15527,-12.93945
22:51:43.007 -> 37,0.89221,-0.46716,0.42725,-33.26416,17.15088,-13.18359
22:51:43.054 -> 54,0.90308,-0.44299,0.47485,-38.69629,13.30566,-8.60596
22:51:43.054 -> 71,0.89697,-0.46118,0.41357,-42.48047,8.78906,-3.41797
22:51:43.101 -> 88,0.86487,-0.48901,0.37561,-39.30664,7.69043,-0.67139
22:51:43.101 -> 105,0.83142,-0.48938,0.37415,-36.56006,7.14111,1.40381
22:51:43.101 -> 122,0.80884,-0.44629,0.38806,-37.10938,2.74658,6.59180
22:51:43.148 -> 139,0.80249,-0.46387,0.34009,-40.71045,-2.92969,6.34766
22:51:43.148 -> 156,0.78760,-0.59460,0.27771,-40.34424,-5.00488,-10.31494
22:51:43.148 -> 173,0.80139,-0.58716,0.24951,-36.86523,-6.89697,-31.67725
22:51:43.194 -> 190,0.90393,-0.57410,0.22144,-19.59229,-10.74219,-34.54590
22:51:43.194 -> 207,0.95911,-0.52161,0.02881,17.51709,-11.65771,-19.77539
22:51:43.194 -> 224,1.09106,-0.60632,0.12073,13.12256,-6.22559,-1.83105
22:51:43.242 -> 241,1.11487,-0.68433,0.05176,-5.55420,-9.21631,7.81250
22:51:43.242 -> 258,1.16125,-0.71863,-0.06799,-10.92529,-13.06152,15.93018
22:51:43.287 -> 275,1.16455,-0.73437,-0.14258,0.12207,-11.35254,33.20313
22:51:43.287 -> 292,1.10291,-0.79150,-0.11096,12.63428,-10.86426,40.77148
22:51:43.287 -> 309,1.06091,-0.77771,-0.07288,13.91602,-15.13672,45.53223
22:51:43.333 -> 326,1.00073,-0.77185,-0.11292,14.83154,-14.89258,48.52295
22:51:43.333 -> 343,0.94177,-0.75305,-0.12988,21.97266,-10.00977,53.22266
22:51:43.333 -> 360,0.89722,-0.94165,0.23792,35.64453,1.70898,51.69678
22:51:43.378 -> 377,0.83008,-0.73120,-0.03748,25.39063,-1.03760,39.18457
22:51:43.378 -> 394,0.83459,-0.65967,0.01660,24.78027,1.89209,29.29688
22:51:43.425 -> 411,0.82495,-0.62244,-0.00940,35.21729,9.70459,25.69580
22:51:43.425 -> 428,0.80408,-0.57788,0.05334,48.88916,16.17432,25.93994
22:51:43.425 -> 445,0.80151,-0.53308,0.13525,58.16650,13.06152,26.48926
22:51:43.472 -> 462,0.79797,-0.53015,0.16296,59.02100,6.16455,27.03857
22:51:43.472 -> 479,0.79712,-0.53760,0.14807,58.89893,2.19727,24.78027
22:51:43.472 -> 496,0.80432,-0.53503,0.15918,59.93652,1.58691,22.21680
22:51:43.518 -> 513,0.79749,-0.50012,0.14233,69.03076,7.20215,24.90234
22:51:43.518 -> 530,0.80542,-0.52356,0.26709,70.00732,-1.46484,25.08545
22:51:43.518 -> 547,0.79004,-0.50037,0.27319,66.28418,-11.90186,26.79443
22:51:43.565 -> 564,0.78528,-0.49133,0.21484,66.71143,-12.51221,28.44238
22:51:43.565 -> 581,0.79138,-0.51599,0.23340,67.13867,-6.83594,26.30615
22:51:43.612 -> 598,0.78882,-0.53674,0.28357,66.77246,-4.21143,24.16992
22:51:43.612 -> 615,0.76746,-0.51904,0.34595,73.73047,-6.34766,23.68164
22:51:43.612 -> 632,0.74487,-0.45496,0.40930,80.99365,-17.02881,27.09961
22:51:43.658 -> 649,0.74060,-0.42969,0.40930,89.35547,-25.51270,34.66797
22:51:43.658 -> 666,0.75903,-0.44019,0.44312,91.36963,-29.23584,38.08594
22:51:43.658 -> 683,0.76758,-0.44641,0.47290,89.66064,-30.57861,36.37695
22:51:43.705 -> 700,0.78198,-0.44543,0.47620,88.50098,-29.17480,34.54590
22:51:43.705 -> 717,0.80054,-0.42041,0.45740,89.29443,-20.62988,30.21240
22:51:43.705 -> 734,0.82581,-0.40649,0.48462,96.31348,-11.84082,25.02441
22:51:43.751 -> 751,0.87781,-0.35742,0.58765,99.24316,-10.55908,26.12305
22:51:43.751 -> 768,0.90344,-0.32385,0.65601,98.99902,-14.95361,32.28760
22:51:43.798 -> 785,0.91113,-0.32166,0.70007,89.96582,-19.83643,37.59766
22:51:43.798 -> 802,0.89185,-0.30457,0.64844,80.13916,-19.16504,41.99219
22:51:43.798 -> 819,0.84546,-0.25488,0.61646,79.95605,-17.94434,47.60742
22:51:43.845 -> 836,0.84399,-0.24548,0.62122,81.90918,-18.55469,50.17090
22:51:43.845 -> 853,0.86938,-0.23755,0.66577,75.74463,-22.88818,53.95508
22:51:43.845 -> 870,0.88953,-0.22449,0.66504,65.85693,-27.70996,63.84277
22:51:43.892 -> 887,0.82300,-0.19324,0.60388,60.60791,-30.27344,77.14844
22:51:43.892 -> 904,0.67908,-0.15955,0.52869,62.62207,-31.55518,81.05469
22:51:43.892 -> 921,0.64050,-0.19141,0.51245,62.92725,-31.12793,71.47217
22:51:43.938 -> EXIT,55
22:51:45.202 -> BEGIN,157613,38
22:51:45.202 -> 3,0.81030,-0.46741,0.33472,-46.69189,24.23096,-54.68750
22:51:45.202 -> 20,0.80725,-0.41968,0.28381,-50.78125,15.62500,-56.64063
22:51:45.249 -> 37,0.83557,-0.40454,0.24756,-51.26953,9.70459,-52.36816
22:51:45.249 -> 54,0.85632,-0.40881,0.16321,-44.61670,9.52148,-47.72949
22:51:45.249 -> 71,0.87073,-0.44702,0.12500,-31.73828,14.46533,-40.34424
22:51:45.295 -> 88,0.86365,-0.48596,0.10669,-13.91602,16.47949,-35.58350
22:51:45.295 -> 105,0.90002,-0.44885,0.16626,-12.02393,13.54980,-27.89307
22:51:45.341 -> 122,0.90491,-0.46838,0.20667,-20.20264,3.41797,-26.42822
22:51:45.341 -> 139,0.92273,-0.46692,0.12830,-17.76123,-1.77002,-24.29199
22:51:45.341 -> 156,0.91150,-0.51343,0.09448,-13.30566,0.91553,-15.44189
22:51:45.387 -> 173,0.93799,-0.56714,0.11902,-14.46533,2.74658,-10.98633
22:51:45.387 -> 190,0.96008,-0.52747,0.11182,-14.52637,0.61035,-8.17871
22:51:45.387 -> 207,0.95007,-0.49780,0.06580,-3.35693,-1.09863,-2.80762
22:51:45.433 -> 224,0.93933,-0.50195,0.12427,-0.12207,-5.43213,4.63867
22:51:45.433 -> 241,0.94055,-0.56897,0.03137,-2.07520,-8.48389,5.79834
22:51:45.433 -> 258,0.94568,-0.58801,-0.01758,0.79346,-2.74658,5.12695
22:51:45.480 -> 275,0.96875,-0.57092,0.03040,6.40869,0.06104,5.85937
22:51:45.480 -> 292,0.97595,-0.59448,0.03772,11.47461,-1.22070,9.88770
22:51:45.526 -> 309,0.96472,-0.61414,0.00464,18.12744,-2.92969,11.77979
22:51:45.526 -> 326,0.98132,-0.61182,-0.00281,28.93066,-5.31006,16.72363
22:51:45.526 -> 343,0.97644,-0.62122,0.02612,29.54102,-9.09424,22.52197
22:51:45.572 -> 360,0.93835,-0.64294,0.00964,28.99170,-14.03809,23.07129
22:51:45.572 -> 377,0.92334,-0.65283,-0.00037,28.01514,-14.22119,20.50781
22:51:45.572 -> 394,0.92749,-0.65356,-0.03406,29.72412,-7.93457,19.22607
22:51:45.617 -> 411,0.90845,-0.63794,-0.02490,41.80908,-0.79346,19.71436
22:51:45.617 -> 428,0.88574,-0.62280,0.05713,50.04883,-1.34277,22.94922
22:51:45.663 -> 445,0.85999,-0.62109,0.04761,54.99268,-4.57764,25.93994
22:51:45.663 -> 462,0.84839,-0.63000,0.04956,60.54688,-5.18799,23.01025
22:51:45.663 -> 479,0.85767,-0.62830,0.09827,62.74414,-5.61523,21.72852
22:51:45.710 -> 496,0.87427,-0.61829,0.14038,63.23242,-6.16455,23.62061
22:51:45.710 -> 513,0.85596,-0.59851,0.16943,67.81006,-8.60596,28.99170
22:51:45.710 -> 530,0.82544,-0.59180,0.19995,74.03564,-12.20703,33.14209
22:51:45.757 -> 547,0.81873,-0.58435,0.22961,75.25635,-15.80811,30.88379
22:51:45.757 -> 564,0.84155,-0.54932,0.25989,76.72119,-17.27295,30.39551
22:51:45.757 -> 581,0.85632,-0.51550,0.31885,78.79639,-20.38574,34.79004
22:51:45.803 -> 598,0.83606,-0.49084,0.34290,81.35986,-24.23096,42.96875
22:51:45.803 -> 615,0.78369,-0.46594,0.36377,86.66992,-28.07617,48.88916
22:51:45.849 -> 632,0.77075,-0.42737,0.44897,84.28955,-34.42383,52.24609
22:51:45.849 -> 649,0.77209,-0.40833,0.43005,82.45850,-37.17041,50.65918
22:51:45.849 -> 666,0.79797,-0.37415,0.41638,85.14404,-30.51758,51.33057
22:51:45.894 -> 683,0.78625,-0.36169,0.46997,90.45410,-22.88818,53.46680
22:51:45.894 -> 700,0.79077,-0.34192,0.50061,90.27100,-22.03369,53.40576
22:51:45.894 -> 717,0.77661,-0.32336,0.51929,89.29443,-22.82715,50.23193
22:51:45.941 -> 734,0.77686,-0.30103,0.51880,88.92822,-20.93506,46.20361
22:51:45.941 -> 751,0.77393,-0.24438,0.55847,88.43994,-19.28711,46.99707
22:51:45.988 -> 768,0.80627,-0.23987,0.55835,88.07373,-22.21680,47.72949
22:51:45.988 -> 785,0.83008,-0.25024,0.55237,84.77783,-21.72852,46.50879
22:51:45.988 -> 802,0.82019,-0.20483,0.61169,76.90430,-23.55957,46.75293
22:51:46.033 -> 819,0.79687,-0.14331,0.66602,69.70215,-30.70068,53.52783
22:51:46.033 -> 836,0.79651,-0.11902,0.74146,62.86621,-41.25977,64.57520
22:51:46.033 -> 853,0.81982,-0.09619,0.76782,53.58887,-49.43848,73.91357
22:51:46.079 -> 870,0.81653,-0.07373,0.71484,45.53223,-50.90332,79.89502
22:51:46.079 -> EXIT,52
22:51:47.340 -> BEGIN,159769,39
22:51:47.340 -> 3,0.86841,-0.19214,0.29944,-27.34375,3.60107,-32.95898
22:51:47.387 -> 20,0.85352,-0.41821,0.34949,-28.62549,14.22119,-29.17480
22:51:47.387 -> 37,0.84766,-0.40613,0.27820,-30.45654,21.66748,-30.21240
22:51:47.387 -> 54,0.82715,-0.48718,0.22815,-30.94482,29.60205,-33.02002
22:51:47.434 -> 71,0.85376,-0.46216,0.17273,-23.19336,30.88379,-37.35352
22:51:47.434 -> 88,0.86365,-0.44531,0.13452,-15.44189,31.67725,-35.27832
22:51:47.481 -> 105,0.87610,-0.45239,0.15833,-7.99561,26.48926,-25.45166
22:51:47.481 -> 122,0.91321,-0.47998,0.12292,-0.36621,19.95850,-12.39014
22:51:47.481 -> 139,0.89050,-0.51453,0.15698,-1.70898,7.26318,-5.49316
22:51:47.527 -> 156,0.87000,-0.57642,0.11279,-5.49316,-4.33350,-9.52148
22:51:47.527 -> 173,0.89526,-0.49695,0.08752,-4.39453,-9.58252,-9.76562
22:51:47.527 -> 190,0.92383,-0.51123,-0.00232,12.93945,-8.42285,-1.64795
22:51:47.574 -> 207,0.95032,-0.53748,-0.02930,29.96826,1.89209,8.85010
22:51:47.574 -> 224,0.92029,-0.57520,0.09094,27.46582,3.23486,13.18359
22:51:47.574 -> 241,0.90161,-0.54248,0.04895,30.88379,-1.77002,9.27734
22:51:47.621 -> 258,0.90076,-0.54687,0.07263,26.24512,-6.40869,12.57324
22:51:47.621 -> 275,0.91052,-0.57336,0.01416,24.71924,-7.44629,13.73291
22:51:47.667 -> 292,0.94434,-0.57104,0.04724,22.64404,-8.11768,14.89258
22:51:47.667 -> 309,0.97449,-0.53516,0.04089,22.03369,-7.50732,21.66748
22:51:47.667 -> 326,0.96155,-0.56885,0.06677,21.91162,-10.13184,25.20752
22:51:47.713 -> 343,0.92285,-0.58105,0.06799,22.64404,-12.93945,23.25439
22:51:47.713 -> 360,0.89441,-0.58521,0.06824,22.03369,-17.39502,14.95361
22:51:47.713 -> 377,0.89954,-0.57446,0.03296,24.23096,-15.25879,7.38525
22:51:47.760 -> 394,0.92993,-0.60217,0.07678,25.63477,-11.41357,4.57764
22:51:47.760 -> 411,0.91785,-0.60583,0.05762,34.05762,-2.74658,10.74219
22:51:47.760 -> 428,0.92859,-0.55310,0.18848,35.82764,-6.89697,23.25439
22:51:47.807 -> 445,0.85046,-0.53345,0.25208,35.52246,-18.12744,35.46143
22:51:47.807 -> 462,0.77185,-0.51892,0.19556,41.68701,-27.83203,39.06250
22:51:47.854 -> 479,0.71265,-0.54492,0.16101,45.95947,-28.13721,36.13281
22:51:47.854 -> 496,0.71338,-0.51599,0.14099,54.01611,-20.87402,32.22656
22:51:47.854 -> 513,0.72217,-0.50415,0.13745,69.82422,-13.48877,29.47998
22:51:47.899 -> 530,0.77258,-0.47766,0.28625,78.30811,-15.07568,30.21240
22:51:47.899 -> 547,0.82239,-0.48071,0.34033,77.20947,-23.49854,34.05762
22:51:47.899 -> 564,0.84753,-0.48840,0.33972,78.12500,-29.35791,39.97803
22:51:47.946 -> 581,0.84583,-0.48181,0.35205,79.10156,-33.75244,42.90771
22:51:47.946 -> 598,0.81958,-0.50281,0.30530,82.70264,-32.53174,40.34424
22:51:47.946 -> 615,0.81970,-0.52100,0.30542,87.95166,-24.53613,37.10938
22:51:47.993 -> 632,0.83252,-0.51978,0.39111,89.35547,-19.10400,34.42383
22:51:47.993 -> 649,0.83777,-0.48596,0.46204,86.54785,-18.24951,37.41455
22:51:48.039 -> 666,0.80908,-0.47778,0.50781,81.97021,-19.47021,42.23633
22:51:48.039 -> 683,0.77954,-0.46387,0.54761,78.36914,-23.13232,39.06250
22:51:48.039 -> 700,0.76624,-0.44580,0.52917,81.35986,-21.72852,34.30176
22:51:48.087 -> 717,0.77808,-0.39551,0.61108,82.70264,-22.94922,37.41455
22:51:48.087 -> 734,0.78723,-0.38770,0.60498,84.04541,-24.65820,40.16113
22:51:48.087 -> 751,0.79663,-0.37244,0.60645,84.83887,-26.67236,45.53223
22:51:48.134 -> 768,0.79138,-0.35974,0.59546,83.43506,-26.36719,46.75293
22:51:48.134 -> 785,0.80151,-0.33923,0.63977,77.51465,-25.32959,47.11914
22:51:48.134 -> 802,0.80322,-0.29541,0.65369,74.15771,-29.17480,51.57471
22:51:48.181 -> 819,0.78979,-0.26428,0.66772,76.47705,-34.05762,57.92236
22:51:48.181 -> 836,0.77930,-0.23010,0.67334,73.60840,-39.67285,62.68311
22:51:48.228 -> 853,0.78784,-0.23303,0.70691,67.44385,-43.76221,63.47656
22:51:48.228 -> 870,0.77698,-0.22644,0.67700,59.20410,-46.50879,63.47656
22:51:48.228 -> 887,0.70801,-0.18860,0.61133,62.92725,-42.29736,65.55176
22:51:48.274 -> 904,0.64062,-0.13831,0.57617,71.77734,-26.97754,63.84277
22:51:48.274 -> 921,0.55725,-0.09595,0.61523,73.12012,-12.45117,53.40576
22:51:48.274 -> EXIT,55
